title	category
Alria 16MP Ultra HD 4K WIFI Sports Action Camera with Sony IMX 179 Lens Waterproof Dvr Multipurpose Camcorder 170 Degree / 30m Wide Angle 2 inch LCD Screen/ Rechargeable Battery, Full Accessories Mounting Kits included Sports and Action Camera(Gold 16 MP)	1
Artek A Full HD Waterproof Sports and Action Camera(Black 1.3 MP)	1
Artek W9C Full HD Wifi Waterproof Sports and Action Camera(Multicolor 12 MP)	1
Astra 4kcamera Ultra hd 3840 Sports and Action Camera	1
Astra 4K camera Ultra hd 3840 Sports and Action Camera(Black 12 MP)	1
Autosity Detective Security 13 Mirror-Camera Glasses Spy Product Camcorder(Black)	1
Autosity Detective Security 16GBBL1289 Pen Spy Product Camcorder(Black)	1
Autosity Detective Security 16GB Hidden Spy Pen Camera For Video/Photo Recording Camcorder(Blue)	1
Autosity Detective Security 4GB DVR Video Hidden Camera-11 Button Spy Product Camcorder(Black)	1
Autosity Detective Security 4GB Inbuilt DVR Video Hidden Camera-11 Button Spy Product Camcorder(Black)	1
Autosity Detective Security 808-Key-Chain Key Chain Spy Product Camcorder(Black)	1
Autosity Detective Security A8 live Voice Recorder Spy Product Camcorder(Black)	1
Autosity Detective Security Black Leather Spy Watch Camcorder(Black)	1
Autosity Detective Security Black Spy Voice Recorder Camcorder(Black)	1
Autosity Detective Security Blue-Spy-Pen-16-GB Pen Spy Product Camcorder(Blue)	1
Autosity Detective Security c1 Button Spy Product Camcorder(Black)	1
Autosity Detective Security Camera Watch 4GB for Video/Photo Watch Spy Product Camcorder(Silver)	1
Autosity Detective Security Digital Camera Multi Function HD Clock Spy Product Camcorder(Silver)	1
Autosity Detective Security Dvr mini U8 pendrive camera Pen Drive Spy Product Camcorder(Black)	1
Autosity Detective Security DVR Video Hidden Camera-11 Button 4GB Spy Product Camcorder(Black)	1
Autosity Detective Security Electro a8 Voice Recorder Spy Product Camcorder(Black)	1
Autosity Detective Security Electro SC 07 Watch Spy Product Camcorder(Silver)	1
Autosity Detective Security Electro Spy BMW Key Camera Camcorder(Black)	1
Autosity Detective Security F01D Watch Spy Product Camcorder(Black)	1
Autosity Detective Security GF-08 Voice Recorder Spy Product Camcorder(Black)	1
Autosity Detective Security Glasses Spy Product Camcorder(Black)	1
Autosity Detective Security HD Night Vision function long duration Charger Camera. Support recording while charging .up to 32 gb support Camcorder(Black)	1
Autosity Detective Security HD Quality BMW Hidden Spy Keychain for Video/Photo Recording Camcorder(Black)	1
Autosity Detective Security HD Quality Hidden Spy Keychain for Video/Photo Recording Camcorder(Black)	1
Autosity Detective Security HD Spy Speck Camera With Hidden Video/Audio Recording 32GB Memory Support Camcorder(Black)	1
Autosity Detective Security Hidden 16GB Spy Pen Camera For Photo/Video Recording Camcorder(Black)	1
Autosity Detective Security Hidden Camera Pen Drive Spy Product Camcorder(Black)	1
Autosity Detective Security Hidden Pen Drive Camera for Video/ Photo/Audio Recording Camcorder(Black)	1
Autosity Detective Security Hidden Spy Pen for Video/Photo Recording Built In 32gb Pen Drive Camcorder(Black)	1
Autosity Detective Security Hidden Spy Pen for Video/photo Recording with Inbuilt 4gb Pen Drive Camcorder(Blue)	1
Autosity Detective Security inbuilt 32 GB Hd Pen Camera Camcorder Spy Product Camcorder(Red)	1
Autosity Detective Security J018-8GB Hook Spy Product Camcorder(Black)	1
Autosity Detective Security J018 Hook Spy Product Camcorder(Black)	1
Autosity Detective Security Leather Spy Watch Spy Product Camcorder(Black)	1
Autosity Detective Security Live Listening Device/Audio Trnsmtr Voice Recorder Spy Product Camcorder(Black)	1
Autosity Detective Security Look -1542 Watch Spy Product Camcorder(Black)	1
Autosity Detective Security MINI-U8 Pen Drive Spy Product Camcorder(Black)	1
Autosity Detective Security MP7 Pen Spy Product Camcorder(Black)	1
Autosity Detective Security Multi-function-multi-function Clock Spy Product Camcorder(Silver)	1
Autosity Detective Security Multifunction-table-clock Clock Spy Product Camcorder(Silver)	1
Autosity Detective Security N-09 GSM BUG Live Listening Device Voice Recorder Spy Product Camcorder(Black)	1
Autosity Detective Security Pen Camera Pen Spy Product Camcorder(Black)	1
Autosity Detective Security Red Spy Pen for Video/Photo Recording built in 4gb Pen Drive Camcorder(Red)	1
Autosity Detective Security Remote Center Lock BMW HD Camera Key Chain Spy Product Camcorder(Black)	1
Autosity Detective Security Round-Steel-Table-Clock Clock Spy Product Camcorder(Silver)	1
Autosity Detective Security S818-819 16GB BMW Camera Key Chain Spy Product Camcorder(Black)	1
Autosity Detective Security S-918-BMW-8 GB Key Chain Spy Product Camcorder(Black)	1
Autosity Detective Security S918-S818-BMW Button Spy Product Camcorder(Black)	1
Autosity Detective Security Safari -2 Watch Spy Product Camcorder(Silver)	1
Autosity Detective Security Silver HD Camera Clock Spy Product Camcorder(Silver)	1
Autosity Detective Security Silver HD Camera Watch Spy Product Camcorder(Silver)	1
Autosity Detective Security Silver Ring Clock Spy Product Camcorder(Silver)	1
Autosity Detective Security Sinita P1 Button Spy Product Camcorder(Black)	1
Autosity Detective Security Sports Wrist Wacth Silver Watch Spy Product Camcorder(Silver)	1
Autosity Detective Security Spy Camera Watch Clock Spy Product Camcorder(Black)	1
Autosity Detective Security Spy Key Chain Spy Camera Camcorder(Black)	1
Autosity Detective Security Spy Wrist Watch Camera Video/Audio Recording,While recording no light Flashes,Inbuilt 4GB memory Camcorder(Silver)	1
Autosity Detective Security Steel-Wrist-Watch Watch Spy Product Camcorder(Silver)	1
Autosity Detective Security Stylish HD Camera USB Pen Drive Spy Product Camcorder(Black)	1
Autosity Detective Security Stylish Smile Booch HD Camera Clothes Spy Product Camcorder(Yellow)	1
Autosity Detective Security Trendy Micro Button Spy Product Camcorder(Black)	1
Autosity Detective Security U8 Pen Drive Spy Product Camcorder(Black)	1
Autosity Detective Security USB Pendrive Voice Recorder - Black Camcorder(Black)	1
Autosity Detective Security USB Stylish Pen Drive Spy Product Camcorder(Black)	1
Autosity Detective Security Voice Recorder Spy Product Camcorder(Blue)	1
Autosity Detective Security w00212 Watch Spy Product Camcorder(Black)	1
Autosity Detective Security Watch Spy Product Camcorder(Black)	1
Autosity Detective Security Wifi Mini Drive Spy Product Camcorder(Black)	1
Autosity Detective Security Wifi MN7 Button Spy Product Camcorder(Black)	1
Autosity Detective Security Wrist Watch Hidden Recording Camera While recording no light Flashes,Watch Camera Inbuilt 4GB Memory Camcorder(Silver)	1
Autosity Detective Security Yellow Smiley Spy Camera Camcorder(Yellow)	1
Autosity Detective Survilliance 16GB 5MP Camera Pen Spy Product Camcorder(Blue)	1
Autosity Detective Survilliance 16GB Hidden Spy Pen Camera For Video/Photo Recording Camcorder(Blue)	1
Autosity Detective Survilliance 16 GB Inbuilt Memory HD Pen Spy Camera Product Camcorder(Black)	1
Autosity Detective Survilliance 16 GB Memory Inbuilt Black Pen Camera Spy Product Camcorder(Black)	1
Autosity Detective Survilliance 16 GB Memory Inbuilt Black Stylish Pen Camera Spy Camcorder(Black)	1
Autosity Detective Survilliance 16 GB Memory Inbuilt Pen Camera Spy Product Camcorder(Black)	1
Autosity Detective Survilliance 32 GB Business Portable Recorder Pen Spy Camera Product Camcorder(Blue)	1
Autosity Detective Survilliance 32GB Hidden Photo/Video Pen Spy Product Camcorder(Blue)	1
Autosity Detective Survilliance 32 GB Memory Inbuilt Black Pen Spy Camera Product Camcorder(Black)	1
Autosity Detective Survilliance 32 GB Memory Inbuilt FW4GBL Pen Spy Product Camcorder(Black)	1
Autosity Detective Survilliance 32 GB Memory Inbuilt Red Pen Spy Camera Product Camcorder(Red)	1
Autosity Detective Survilliance 4GB DVR Video Hidden Camera-11 Button Spy Product Camcorder(Black)	1
Autosity Detective Survilliance 4 GB Memory Inbuilt Button Spy Camera Product Camcorder(Black)	1
Autosity Detective Survilliance 4 GB Memory Inbuilt Chain Wrist Watch Spy Camera Product Camcorder(Black)	1
Autosity Detective Survilliance 808-8GB Key Chain Camera Spy Product Camcorder(Black)	1
Autosity Detective Survilliance 918-Button-HD-CarDVR Button Spy Product Camcorder(Black)	1
Autosity Detective Survilliance Ash Tray Black HD Camera Spy Product Camcorder(Black)	1
Autosity Detective Survilliance Ash Tray Black with Cable Spy Camera Product Camcorder(Black)	1
Autosity Detective Survilliance Assured Pendrive camera with 16gb Card Camcorder(Black)	1
Autosity Detective Survilliance Bat Pen Spy Product Camcorder(Black)	1
Autosity Detective Survilliance Black 4 GB Pen Camera Inbuilt Spy Product Camcorder(Black)	1
Autosity Detective Survilliance Black Audio Transmitter For Live Listening Camcorder(Black)	1
Autosity Detective Survilliance Black Digital Multi Function Camera Spy Product Camcorder(Black)	1
Autosity Detective Survilliance Black Digital Table Clock Spy Camera Product Camcorder(Black)	1
Autosity Detective Survilliance Black HD Camera Button Spy Product Camcorder(Black)	1
Autosity Detective Survilliance Black Spy Button Camera Camcorder(Black)	1
Autosity Detective Survilliance Black Spy Voice Recorder Camcorder(Black)	1
Autosity Detective Survilliance Blue Mini U8 Pen Drive Spy Camera Product Camcorder(Blue)	1
Autosity Detective Survilliance Bug N-09 Spy Product Camcorder(Black)	1
Autosity Detective Survilliance Button Camera and Pen Bat Spy Products Camcorder(Black)	1
Autosity Detective Survilliance C-01 Button Spy Camera Product Camcorder(Black)	1
Autosity Detective Survilliance Camera 32 GB Memory Inbuilt Black Pen Spy Product Camcorder(Black)	1
Autosity Detective Survilliance Camera Cap Clothes Spy Product Camcorder(Black)	1
Autosity Detective Survilliance Card Mini HD Button Camera Spy Item Camcorder(Black)	1
Autosity Detective Survilliance Car DVR Comcoder Spy Product Camcorder(Black)	1
Autosity Detective Survilliance Charger HD Camera with Remote Charger Spy Product Camcorder(Black)	1
Autosity Detective Survilliance Clock Spy Camera Product Camcorder(White)	1
Autosity Detective Survilliance Clock Table Spy Camera Product Camcorder(Black)	1
Autosity Detective Survilliance Digital Camera with Remote Clock Spy Product Camcorder(Black)	1
Autosity Detective Survilliance Digital Multi Function Clock Spy Camera Product Camcorder(Black)	1
Autosity Detective Survilliance Dvr mini U8 pendrive camera Pen Drive Spy Product Camcorder(Black)	1
Autosity Detective Survilliance Electric Board Socket Spy Camera Product Camcorder(White)	1
Autosity Detective Survilliance Eye Glass Goggle Spy Camera Product Camcorder(Black)	1
Autosity Detective Survilliance F01D Watch Spy Camera Product Camcorder(Black)	1
Autosity Detective Survilliance FW4GBL Pen Spy Product Camcorder(Black)	1
Autosity Detective Survilliance GF-08 GSM Audio and Video Talking Locator Spy Camera Product Camcorder(Black)	1
Autosity Detective Survilliance GF-08 Voice Recorder Spy Product Camcorder(Black)	1
Autosity Detective Survilliance GSM N09 Bug Spy Camera Camcorder(Black)	1
Autosity Detective Survilliance HD 5 Button Spy Product Camcorder(Black)	1
Autosity Detective Survilliance HD Audio / Video Recording BMW Keychain Spy Camera while recording No light Flashes 32GB Memory Supportable. Camcorder(Black)	1
Autosity Detective Survilliance HD-Bat-Pen Spy Camera Product Camcorder(Black)	1
Autosity Detective Survilliance HD Pen Camera Spy Camcorder(Black)	1
Autosity Detective Survilliance HD Quality BMW Hidden Spy Keychain for Video/Photo Recording Camcorder(Black)	1
Autosity Detective Survilliance HD Quality Hidden Spy Keychain for Video/Photo Recording Camcorder(Black)	1
Autosity Detective Survilliance HD Quality Spy Pen For Video/Photo Recording Camcorder(Black)	1
Autosity Detective Survilliance HD SPY PEN CAMERA Pen Spy Product Camcorder(Blue)	1
Autosity Detective Survilliance Hidden 16GB Spy Pen Camera For Photo/Video Recording Camcorder(Black)	1
Autosity Detective Survilliance Hidden Camera Clock For Video/Photo Clock Spy Product Camcorder(Silver)	1
Autosity Detective Survilliance Hidden Camera Pen Drive Spy Product Camcorder(Black)	1
Autosity Detective Survilliance Hidden Pen Drive Camera for Video/ Photo/Audio Recording Camcorder(Black)	1
Autosity Detective Survilliance Hidden Pen Drive Camera for Video/Photo/ Recording Camcorder(Black)	1
Autosity Detective Survilliance Hidden Slim Button Camera with Inbuilt 4gb Genuine Camcorder(Black)	1
Autosity Detective Survilliance Hidden Spy Button Camera for Video & Photo Recording -Black Camcorder(Black)	1
Autosity Detective Survilliance Hidden Spy Goggles for Video/Photo Recording Camcorder(Black)	1
Autosity Detective Survilliance Inbuilt 32 GB Memory HD Camera Pen Spy Product Camcorder(Black)	1
Autosity Detective Survilliance inbuilt Hd Pen Camera Camcorder Spy Product Camcorder(Red)	1
Autosity Detective Survilliance J-018 Hook Spy Product Camcorder(Black)	1
Autosity Detective Survilliance J018 Hook Spy Product Camcorder(Black)	1
Autosity Detective Survilliance Key-Camera Key Chain Spy Product Camcorder(Black)	1
Autosity Detective Survilliance Key Chain Black Spy Camera Product Camcorder(Black)	1
Autosity Detective Survilliance Leather Spy Watch Spy Product Camcorder(Black)	1
Autosity Detective Survilliance Leather Wrist Watch (sc) Spy Product Camera Camcorder(Black)	1
Autosity Detective Survilliance Live Listening Device and Audio Transmitter -Black Camcorder(Black)	1
Autosity Detective Survilliance Mini A-08 Bug Camcorder(Black)	1
Autosity Detective Survilliance Mini DV 8 GB Voice Recorder Camcorder(Black)	1
Autosity Detective Survilliance MINI-U8 Pen Drive Spy Product Camcorder(Black)	1
Autosity Detective Survilliance Mirror-Camera Glasses Spy Product Camcorder(Black)	1
Autosity Detective Survilliance mn7 Button Spy Product Camcorder(Black)	1
Autosity Detective Survilliance Mobile Charger Spy Camera Product Camcorder(Black)	1
Autosity Detective Survilliance Moda Silva USB 1R Pen Spy Camera Product Camcorder(Red)	1
Autosity Detective Survilliance N-09 GSM Audio Bug Spy Product Camcorder(Black)	1
Autosity Detective Survilliance N-09 GSM BUG Live Listening Device Voice Recorder Spy Product Camcorder(Black)	1
Autosity Detective Survilliance Night Vision function long duration Charger Camera. Support recording while charging .up to 32 gb support Camcorder(Black)	1
Autosity Detective Survilliance Pen Bat Spy Camera HD Black Camcorder(Black)	1
Autosity Detective Survilliance Pen Camera Pen Spy Product Camcorder(Black)	1
Autosity Detective Survilliance Pen Drive Spy Product Camcorder(Black)	1
Autosity Detective Survilliance Remote Center Lock Style BMW HD Camera Key Chain Spy Product Camcorder(Black)	1
Autosity Detective Survilliance Remote Key Chain BMW Spy Product Camera Camcorder(Black)	1
Autosity Detective Survilliance Round-Steel-Table-Clock Spy Camera Product Camcorder(Silver)	1
Autosity Detective Survilliance S-918-BMW-8 GB Key Chain Spy Product Camcorder(Black)	1
Autosity Detective Survilliance S918-HD-Bat Pen and Button Spy Product Camcorder(Black)	1
Autosity Detective Survilliance S918 MINI HD BUTTON Spy Camera Product Camcorder(Black)	1
Autosity Detective Survilliance SC-07 16gb sports watch Watch Spy Product Camcorder(Silver)	1
Autosity Detective Survilliance (sc) Based Chain Hand DVR Watch Spy Product Camcorder(Silver)	1
Autosity Detective Survilliance (sc) Survilliance Wrist Watch Spy Camera Camcorder(Black)	1
Autosity Detective Survilliance SG015 Glasses Spy Product Camcorder(Black)	1
Autosity Detective Survilliance Silver Multi Funtion Digital Spy Camera Clock Camcorder(Silver)	1
Autosity Detective Survilliance Silver Stylish Pen Camera HD Spy Product Camcorder(Black)	1
Autosity Detective Survilliance Speck-v13-2 Glasses Spy Product Camcorder(Black)	1
Autosity Detective Survilliance Sporty Look Black C00212 Watch Spy Camera product Camcorder(Black)	1
Autosity Detective Survilliance Spy Button Camera With 8GB Card Camcorder(Black)	1
Autosity Detective Survilliance Spy Camera Watch Clock Spy Product Camcorder(Black)	1
Autosity Detective Survilliance Spy Pen for Video/Photo Recording with Inbuilt 16GB Pen Drive Blue Camcorder(Blue)	1
Autosity Detective Survilliance Spy Wrist Watch Hidden Camera With Audio/Video Recording Inbuilt 16GB Memory. Camcorder(Black)	1
Autosity Detective Survilliance Spy Wrist Watch Hidden Camera With Audio /Video Recording Inbuilt 16GB Memory. Camcorder(Silver)	1
Autosity Detective Survilliance Stylish Black Digital Clock Spy Camera Product Camcorder(Black)	1
Autosity Detective Survilliance Stylish Black N0002 Button Spy Camera Product Camcorder(Black)	1
Autosity Detective Survilliance Stylish Chain Wrist Watch HD Camera Spy Camcorder(Black)	1
Autosity Detective Survilliance Stylish Eye Glasses HD Glasses Spy Camera Product Camcorder(Black)	1
Autosity Detective Survilliance Stylish HD Camera USB Pen Drive Spy Product Camcorder(Black)	1
Autosity Detective Survilliance Stylish Shape Remote Spy Camera Product Camcorder(Black)	1
Autosity Detective Survilliance Stylish Sporty Look -1550 Watch Chain Spy Camera Product Camcorder(Silver)	1
Autosity Detective Survilliance Stylish Wrist Watch Brown Spy Product Camcorder(Black)	1
Autosity Detective Survilliance Stylish Wrist Watch Spy Camera Camcorder(Black)	1
Autosity Detective Survilliance Sunglasses HD Camera Glasses Spy Product Camcorder(Black)	1
Autosity Detective Survilliance Tie Stylish Blue Spy Camera Product Camcorder(Black)	1
Autosity Detective Survilliance Tie Stylish Spy Camera Product Camcorder(Blue)	1
Autosity Detective Survilliance Tuzuka U8 DVR Pen Drive Spy Product Camcorder(Black)	1
Autosity Detective Survilliance Upper Wearing Button Camera Spy Product Camcorder(Black)	1
Autosity Detective Survilliance USB HD Camera Pen Drive Spy Product Camcorder(Black)	1
Autosity Detective Survilliance USB Pendrive Voice Recorder - Black Camcorder(Black)	1
Autosity Detective Survilliance Voice Recorder Spy Product Camcorder(Black)	1
Autosity Detective Survilliance Yellow Smile Booch HD Spy Camera Product Camcorder(Yellow)	1
Autosity Secrete Detective 13 Mirror-Camera Glasses Spy Product Camcorder(Black)	1
Autosity Secrete Detective 16Gb Hidden Camera Pen Spy Product Camcorder(Blue)	1
Autosity Secrete Detective 808-8GB Key Chain Spy Product Camcorder(Black)	1
Autosity Secrete Detective B0002 Button Spy Product Camcorder(Black)	1
Autosity Secrete Detective Best Quality Pen Camera Video/ Audio Hidden Recording Pen Camera with Inbuilt 16 Gb Memory. Camcorder(Blue)	1
Autosity Secrete Detective Black Ash Tray Spy Camera Product Camcorder(Black)	1
Autosity Secrete Detective Black Audio Transmitter For Live Listening Camcorder(Black)	1
Autosity Secrete Detective Black Leather Spy Watch Camcorder(Black)	1
Autosity Secrete Detective Black Sports Spy Watch Camcorder(Black)	1
Autosity Secrete Detective Button Clothes Spy Camera Product Camcorder(Black)	1
Autosity Secrete Detective Camera 32 GB Memory Inbuilt Black Pen Spy Product Camcorder(Black)	1
"Autosity Secrete Detective DVR-2.5-Car Car DVR Spy Product Camcorder(Black)"""	1
Autosity Secrete Detective HD Audio / Video Recording BMW Keychain Spy Camera while recording No light Flashes 32GB Memory Supportable. Camcorder(Black)	1
Autosity Secrete Detective HD-Bat-Pen Pen Spy Product Camcorder(Black)	1
Autosity Secrete Detective HD Nice Quality Bluetooth Camera Hidden VIDEO AUDIO RECORDING BLUETOOTH CAMERA Inbuilt 4GB Memory. Camcorder(Black)	1
Autosity Secrete Detective HD Night Vision function long duration Charger Camera. Support recording while charging .up to 32 gb support Camcorder(Black)	1
Autosity Secrete Detective HD Quality Spy Pen For Video/Photo Recording Camcorder(Black)	1
Autosity Secrete Detective HD Spy Speck Camera With Hidden Video/Audio Recording 32GB Memory Support Camcorder(Black)	1
Autosity Secrete Detective Hidden Camera Spy Wrist Watch fro Video/Photo Recording Camcorder(Silver)	1
Autosity Secrete Detective Hidden Pen Drive Camera for Video/ Photo/Audio Recording Camcorder(Black)	1
Autosity Secrete Detective Hidden Spy Goggles for Video/Photo Recording Camcorder(Black)	1
Autosity Secrete Detective Hidden Spy Keychain Camera for Recording Camcorder(Black)	1
Autosity Secrete Detective inbuilt Hd Pen Camera Camcorder Spy Product Camcorder(Red)	1
Autosity Secrete Detective Round-Steel-Table-Clock Clock Spy Product Camcorder(Silver)	1
Autosity Secrete Detective Silver HD Camera Watch Spy Product Camcorder(Silver)	1
Autosity Secrete Detective Silver Multi Funtion Digital Spy Clock Camcorder(Silver)	1
Autosity Secrete Detective Spy hd Slimmest Button camera inbuilt 4GB Camcorder(Black)	1
Autosity Secrete Detective Spy Wrist Watch Hidden Audio/video Recording .While recording no light Flashes.Inbuilt 4GB memory. Camcorder(Black)	1
Autosity Secrete Detective Sunglasses Camera Glasses Spy Product Camcorder(Black)	1
Autosity Secrete Detective Wall-Clock Clock Spy Product Camcorder(White)	1
Autosity Secrete Detective White Plastic Socket Spy Camera with Video Recording Camcorder(White)	1
Autosity Secrete Detective White Stylish Wall Clock Spy Product Camcorder(White)	1
Autosity Secrete Detective Wifi Ash Tray Cable Spy Product Camcorder(Black)	1
Autosity Secrete Detective World FW4GBL Pen Spy Product Camcorder(Black)	1
Autosity Secrete Detective Yellow Metal Smiley Hidden Camera Camcorder(Yellow)	1
balrama 10pc 9 VOLTS BATTERY HI-WATT 100% Original 6F22 9V Long Life Carbon Zinc Batteries Camera Battery Pack(No)	1
Barbie digital camera Body only Point & Shoot Camera(Pink)	1
Benison India ��1080P Super Shot Cam Holder Sports & Action Camera(Black)	1
"Benison India ��1.5 LCD Waterproof Cam Holder Sports & Action Camera(Black)"""	1
Benison India ��2.0-Inch Stunt Underwater Cam Holder Sports & Action Camera(Black)	1
Benison India ��Full HD 12MP 1080P Black Helmet Waterproof Cam Holder Sports & Action Camera(Black)	1
Benison India �� Full HD Waterproof Cam Holder Sports & Action Camera(Black)	1
Benison India ��Mini Ultra HD 1080P DV Recorder Camcorder Waterproof Cam Holder Sports & Action Camera(Black)	1
Benison India �� Mini Underwater 1080p HD Cam Holder Sports & Action Camera(Black)	1
Benison India Powershot Go Pro 1080P Full HD Waterproof Digital with led screen Sports and Action Camera(Black 12 MP)	1
Benison India ��SportsAction Cam Holder Sports & Action Camera(Black)	1
Benison India ��Waterproof Camcorder 1080P mini HD Cam Holder Sports & Action Camera(Black)	1
Benison India ��Waterproof Cam Holder Sports & Action Camera(Black)	1
Benison India �� Waterproof Helmet HD 1080p Cam Holder Sports & Action Camera(Black)	1
Black Cat NA Sports and Action Camera(Black 12 MP)	1
Canon 1300D DSLR Camera With Sigma 70 - 300 mm F4-5.6 DG Macro for Canon Digital SLR Lens(Black)	1
Canon 1300D DSLR Camera With Tamron AF 70 - 300 mm F/4-5.6 Di LD Macro for Canon Digital SLR Lens(Black)	1
Canon 5D Mark IV DSLR Camera (Body only)(Black)	1
Canon 80D DSLR Camera Body with 18-135 IS USM(Black)	1
Canon A1400 Point & Shoot Camera(Black)	1
Canon Digital IXUS 160 Point & Shoot Camera(Black)	1
Canon Digital IXUS 160 Point & Shoot Camera(Red)	1
Canon Digital IXUS 160 Point & Shoot Camera(Silver)	1
Canon Digital IXUS 170 Point & Shoot Camera(Black)	1
Canon Digital IXUS 170 Point & Shoot Camera(Silver)	1
Canon Digital IXUS 275 HS Point & Shoot Camera(Black)	1
Canon Digital IXUS 510 HS Point & Shoot Camera(Black)	1
Canon DSLR Camera 24-70mm(Black)	1
Canon DSLR Camera(Black)	1
Canon DSLR Camera (Kit 24 - 105)(Black)	1
Canon EOS 100D (Body with 18-55 mm Lens) DSLR Camera(Black)	1
Canon EOS 100D dslr DSLR Camera(Black)	1
Canon EOS 1100D DSLR Camera (Body only)(Grey)	1
Canon EOS 1100D DSLR Camera (Body with EF-S 18-55 mm IS II & EF-S 55-250 mm Lenses)(Black)	1
Canon EOS 1100D DSLR Camera (Body with EF-S 18-55 mm IS II Lens)(Black)	1
Canon EOS 1200D DSLR Camera (Body with 8 GB Card & Bag EF S18-55 IS II+55-250mm IS II)(Black)	1
Canon EOS 1200D (Kit with EF S18-55 IS II) DSLR Camera(Black)	1
Canon EOS 1300D DSLR Camera (Body with EF-S 18 - 55 IS II)(Black)	1
Canon EOS 1300D DSLR Camera (Body with EF-S 18 - 55 IS II)(Grey)	1
Canon EOS 1300D DSLR Camera (Body with EF-S 18 - 55 mm IS II + EF-S 55 - 250 mm F4 5.6 IS II)(Black)	1
Canon EOS 1DX DSLR Camera (Body only)(Black)	1
Canon EOS 200D DSLR Camera EF-S18-55 IS STM(Black)	1
Canon EOS 200D DSLR Camera EF-S18-55 IS STM+ EF-S 55-250 mm IS II(Black)	1
Canon EOS 5D Mark III DSLR Camera (Body only)(Black)	1
Canon EOS 5D Mark IV DSLR Camera Body with��EF 24-105mm IS II USM Lens(Black)	1
Canon EOS 5DS Body DSLR Camera (Body only)(Black)	1
Canon EOS 5DS R Body DSLR Camera (Body only)(Black)	1
Canon EOS 600D (Body with EF-S 18-135 mm IS II Lens) DSLR Camera (Body only)(Black)	1
Canon EOS 600D (Body with EF-S 18-55 mm IS II & EF-S 55-250 mm IS II Lenses) DSLR Camera(Black)	1
Canon EOS 600D DSLR Camera (Body with EF-S 18-55 mm IS II Lens)(Black)	1
Canon EOS 60D DSLR Camera (Body only)(Black)	1
Canon EOS 6D Mark II DSLR Camera Body(Black)	1
Canon EOS 6D Mark II DSLR Camera EF24-105mm f/4L IS II USM(Black)	1
Canon EOS 6D Mark II DSLR Camera EF 24-70mm f/4L IS USM(Black)	1
Canon EOS 700D (Body only) DSLR Camera(Black)	1
Canon EOS 700D DSLR Camera (Body only)(Black)	1
Canon EOS 700D DSLR Camera (Body with EF S18 - 55 mm IS II and EF S55 - 250 mm IS II)(Black)	1
Canon EOS 70D (Body only) DSLR Camera(Black)	1
Canon EOS 70D DSLR Camera (Body only)(Black)	1
Canon EOS 70D DSLR Camera (Body with EF-S 18-55 mm IS STM Lens)(Black)	1
Canon EOS 750D DSLR Camera (Body only)(Black)	1
Canon EOS 750D (Kit -EF-S 18 - 55 mm IS STM) DSLR Camera(Black)	1
Canon EOS 760D DSLR Camera (Body only)(Black)	1
Canon EOS 760D (Kit with EF-S 18 - 135 mm IS STM) DSLR Camera(Black)	1
Canon EOS 77D DSLR Camera Body Only(Black)	1
Canon EOS 77D DSLR Camera Kit (EF-S18-135 IS USM)(Black)	1
Canon EOS 77D DSLR Camera Kit (EF-S18-55 IS STM)(Black)	1
Canon EOS 7D (Body only) DSLR Camera(Black)	1
Canon EOS 7D (Body with EF-S 18-85 mm IS I Lens) DSLR Camera(Black)	1
Canon EOS 7D DSLR Camera (Body only)(Black)	1
Canon EOS 7D Mark II (Body only) DSLR Camera(Black)	1
Canon EOS 7D Mark II DSLR Camera (Body only)(Black)	1
Canon EOS 7D Mark II (Kit II Body with EF-S15 - 85 mm f3.5-5.6 IS USM) DSLR Camera(Black)	1
Canon EOS 800D DSLR Camera Body Only(Black)	1
Canon EOS 800D DSLR Camera Kit (EF S18-55 IS STM)(Black)	1
Canon EOS 80D DSLR Camera Body with 18-55 IS STM(Black)	1
Canon EOS 80D(W) DSLR Camera (Body only)(Black)	1
Canon EOS M10 with EF-M15-45 mm f/3.5 - 6.3 IS STM Mirrorless Camera(Black)	1
Canon EOS M6 DSLR Camera Kit (EF-M15-45 IS STM)(Black)	1
Canon G1X Mark II Point & Shoot Camera(Black)	1
Canon G3 X Point & Shoot Camera(Black)	1
Canon G5X Point & Shoot Camera(Black)	1
Canon IXUS 145 Point & Shoot Camera(Black)	1
Canon IXUS 145 Point & Shoot Camera(Red)	1
Canon IXUS 155 Point & Shoot Camera(Blue)	1
Canon IXUS 155 Point & Shoot Camera(Silver)	1
Canon IXUS 170 Body with SAL 18-55 mm Lens Mirrorless Camera(Red)	1
Canon IXUS 175 Point & Shoot Camera(Red)	1
Canon IXUS 175 Point & Shoot Camera(Silver)	1
Canon IXUS 180 Point & Shoot Camera(Black)	1
Canon IXUS 180 Point & Shoot Camera(Red)	1
Canon IXUS 185 NONE Point & Shoot Camera(Black)	1
Canon IXUS 185 Point and Shoot Camera(Black 20 MP)	1
Canon IXUS 185 Point and Shoot Camera(Red 20 MP)	1
Canon IXUS 185 Point and Shoot Camera(Silver 20 MP)	1
Canon IXUS 190 Point and Shoot Camera(Black 20 MP)	1
Canon IXUS 190 Point and Shoot Camera(Blue 20 MP)	1
Canon IXUS 190 Point and Shoot Camera(Silver 20 MP)	1
Canon IXUS 275 HS Point & Shoot Camera(Silver)	1
Canon IXUS 285 HS Point & Shoot Camera(Silver)	1
Canon IXUS 285 Point & Shoot Camera(Black)	1
Canon Legria HF R406 Mirrorless Camera(Black)	1
Canon PowerShot G9X Point and Shoot Camera(Black 20.2 MP)	1
Canon POWERSHOT G PowerShot G7 X Mark II Point and Shoot Camera(Black 20.1 MP)	1
Canon PowerShot SX400 IS Point & Shoot Camera(Black)	1
Canon PowerShot SX430 IS Point and Shoot Camera(Black 20 MP)	1
Canon PowerShot SX520 HS (With 8 GB SD Card + Camera Bag)(Black)	1
Canon PowerShot SX720 HS Point and Shoot Camera(Black 20.3 MP)	1
Canon PowerShot SX720 HS Point and Shoot Camera(Red 20.3 MP)	1
Canon SX410 IS Point & Shoot Camera(Black)	1
Canon SX420 Fixed Lens Point & Shoot Camera(Red)	1
Canon SX420 IS Point & Shoot Camera(Black)	1
Canon SX530(Camera) Camera Mirrorless Camera(Black)	1
Canon SX530 HS Point & Shoot Camera(Black)	1
Canon SX540 HS Point & Shoot Camera(Black)	1
Canon SX600 HS Point & Shoot Camera(Red)	1
Canon SX60 HS Advanced Point & Shoot Camera(Black)	1
Canon SX610 HS Point & Shoot Camera(Black)	1
Canon SX610 HS Point & Shoot Camera(Red)	1
Canon SX700 HS Advanced Point & Shoot Camera(Red)	1
Canon SX710 HS Point & Shoot Camera(Black)	1
Canon SX710 HS Point & Shoot Camera(Red)	1
cellcell Action pro Action sports camera for Bikes & adventure Sports and Action Camera(Multicolor 5 MP)	1
CellCell Action sports camera for bike & adventure NA Sports & Action Camera(Multicolor)	1
Click Pro Oculus Plus Sports & Action Camera Sports & Action Camera(Silver)	1
Click Pro Polar Body with 2.5mm lenc Sports & Action Camera(Silver)	1
Click Pro Polar Sports Camera Sports & Action Camera(Copper Light)	1
Click Pro Prime Sport & Action Camera Sports & Action Camera(Metallic Copper)	1
CM sportcam sporte action waterproof 2 inch screen Sports and Action Camera(Black 12 MP)	1
CM sport cam SPORTS CAM 2 INCH SCEEN Sports and Action Camera(Black 12 MP)	1
CM sportcam Waterproof in hd Sports and Action Camera(Black 12 MP)	1
CM SPORTSCAM CAMERA WATERPROOF HD 1020P Sports and Action Camera(Black 12 MP)	1
CM sports camera Black Sports and Action Camera(Black 12 MP)	1
Cp Bigbasket Action Shot ��Full HD 12MP 1080P Black Helmet Waterproof Sports and Action Camera(Black)	1
Cp Bigbasket PowerShot 4K Ultra HD 12 MP WiFi Waterproof Digital & Sports Camcorder With Accessories Sports and Action Camera(Black 12 MP)	1
DB Power Waterproof Action Sports and Action Camera(Black 12 MP)	1
Digiboom Pro Action Camera for Biking, Sports and Adventure Activities NA Sports & Action Camera(Black)	1
Digimart Dm-Adventure HD Waterproof Mini Sports & Action Camera(Black)	1
DMG 4K Wifi Waterproof Helmet 2 inch LCD Display Ultra-HD 12MP 170�° Wide Angle Lens Full HD Sports and Action Camera(Black 12 MP)	1
Doodads 4K Wifi Pro Sports & Action Camera(Black)	1
Doodads Action 1 DSLR Camera(Multicolor)	1
Doodads Action camera Full HD Action Recording Camera Waterproof 30M Super Wide Angle Lens 140 Degree Sports and Action Camera(Black 12)	1
Doodads Action pro D-1080p Full HD Sports Cam Waterproof 30 M (2 Inch Screen) DSLR Camera Super Wide Angle Lens 140 Degree(Black)	1
Doodads Action Pro D1080 Recording Camera Sports and Action Camera(Black 12 MP)	1
Doodads Action Pro HD Action Adventure Camera 130 degree Wide angle lens sports Camera (Assorted) Sports and Action Camera(Black 12)	1
Doodads Action pro Helmet Sports Action Camera Sports and Action Camera(Black 12 MP)	1
Doodads Action Pro Waterproof Action Recording Camera Effective 12 MP Sports and Action Camera(Black 12)	1
Doodads Action Pro Waterproof Helmet camera 2 inch LCD Display Full-HD (Black) Sports and Action Camera(Black 12 MP)	1
Doodads Action Recording camera Yes DSLR Camera(Silver)	1
Doodads Action Recording Cam sportcam Waterproof in hd Sports and Action Cam (Black 12 MP) Sports and Action Camera(Black 12 MP)	1
Doodads K1000/4K Action Recording with All Mount Accessories 2 Sports & Action Camera(Black)	1
Doodads Pro D1080 Sports and Action Camera(Black 12 MP)	1
DPROQ 4K Ultra HD Action Wifi Camera pro Instant Camera(Black)	1
Dsantech DSLR Camera (Body only)(Black)	1
Dsantech DSPY BODY WITH ACCESSORIES Camcorder Camera(Black)	1
Dsantech RED8 BODY Camcorder Camera(Red)	1
Dsantech RED8 BODY ONLY Camcorder Camera(Red)	1
Dsantech SPY BODY WITH ACCESSORIES Camcorder Camera(Black)	1
Dsantech STCCX2 BODY WITH 8 GB CARD Camcorder Camera(Black)	1
Dsantech X1 BODY WITH ACCESSORIES Camcorder Camera(Black)	1
Elephone EleCam Explorer Elite 4K Action Camera 4K Action Camera Sports & Action Camera(Silver)	1
Elephone EleCam Explorer Elite 4K Action Camera 4K Sports Camera Sports & Action Camera(Silver)	1
ENRG EPICAM(BLACK) Camera with battery & multiple mountings Sports & Action Camera(Black)	1
ENRG EPICAM(YELLOW) Camera with battery & multiple mountings Sports & Action Camera(Yellow)	1
Feleez 4K Ultra HD 12 MP WiFi Waterproof Digital Action & Sports Body only Sports & Action Camera(Black)	1
Feleez Mini Waterproof DV 1080P30 & 720p Video Body Only Sports & Action Camera(Pink, Black)	1
Feleez MP Action Camera Body Only Sports & Action Camera(Black)	1
finaux Sports_1hgs Body Only Sports & Action Camera(Black)	1
Flipfit Hero Dl26 Camcorder(White)	1
Flipfit POWERSHOT 1080P GO Waterproof Digital with Accessories with LED Screen(memory card ) Sports Action Camera Pro Underwater Camera Sports and Action Camera(Black 12 MP)	1
Flipfit SMART BULLET HOME & SECURITY INDOOR OUTDOOR CCTV CAMERA Camcorder(White)	1
Flipfit SMART DOMES HOME & SECURITY INDOOR CCTV CAMERA Camcorder(White)	1
Flipfit ULTRASHOTx Waterproof Digital 89 BLUE Sports and Action Camera(Blue 10.4 MP)	1
FLIPFIT ULTRASHOTx Waterproof Digital 89 PINK Sports and Action Camera(Pink 10.4 MP)	1
FLIPFIT ULTRASHOTx Waterproof Digital 89 Sports and Action Camera(Black 10.4 MP)	1
FLIPFIT ULTRASHOTx Waterproof Digital 89 YELLOW Sports and Action Camera(Yellow 10.4 MP)	1
FLIPFIT ULTRASHOTx Waterproof Digital & Sports With sories Body only Action with led screen(memory card ) Sports and Action Camera(Gold 10.4 MP)	1
FLIPFIT Waterproof Digital 67 CAMERA 02 Camcorder Camera(Gold)	1
FLIPFIT Waterproof Digital 89 CAMERA 02 Camcorder Camera(Black)	1
FLIPFIT Waterproof Digital & Sports . CAMERA 02 Camcorder Camera(Black)	1
FLIPFIT Waterproof Digital & Sports . CAMERA 02 Camcorder Camera(Gold)	1
FLIPFIT Waterproof Digital & Sports With sories Body only Action with led screen(memory card ) CAMERA 02 Camcorder Camera(Black)	1
FLIPFIT Waterproof Digital & Sports With sories Body only Action with led screen(memory card ) CAMERA 02 Camcorder Camera(Gold)	1
Fujifilm AX500 Point & Shoot Camera(Black)	1
Fujifilm AX500 Point & Shoot Camera(Red)	1
Fujifilm F660EXR Point & Shoot Camera(Black)	1
Fujifilm FinePix S4800 16MP Digital Camera with 3-Inch LCD (Black) Advanced Point & Shoot Camera(Black)	1
Fujifilm FinePix T200(Gun Metal)	1
Fujifilm FinePix T200 Point & Shoot Camera(Black)	1
Fujifilm FinePix X100 Mirrorless Camera(Black)	1
Fujifilm FinePix x10 Point & Shoot Camera(Black)	1
Fujifilm Hello Kitty Mini Instant Camera (Pink)(Pink)	1
Fujifilm HS25EXR Point & Shoot Camera(Black)	1
Fujifilm HS50EXR Advanced Point & Shoot Camera	1
Fujifilm Instax Camera Instax Mini 9 Instant Camera(Blue)	1
Fujifilm Instax Camera Instax Mini 9 Instant Camera(Pink)	1
Fujifilm Instax Camera Instax Mini 9 Instant Camera(White)	1
Fujifilm Instax Camera Mini 9 Bundle Pack Instant Camera(Blue)	1
Fujifilm Instax Camera Mini 9 Bundle Pack Instant Camera(Pink)	1
Fujifilm Instax Camera Mini 9 Bundle Pack Instant Camera(White)	1
Fujifilm Instax mini 25 Instant Camera	1
Fujifilm Instax Mini 25+ Instax Flim Roll Pack of 10 Instant Camera(White)	1
Fujifilm Instax mini 50S	1
Fujifilm Instax Mini 70 Instant Camera(Black)	1
Fujifilm Instax Mini 70 Instant Camera(Blue)	1
Fujifilm Instax Mini 70 Instant Camera (Blue)(Blue)	1
Fujifilm Instax Mini 70 Instant Camera(Red)	1
Fujifilm Instax Mini 70 Instant Camera (White)(White)	1
Fujifilm Instax Mini 70 Instant Camera (Yellow)(Yellow)	1
Fujifilm Instax Mini 8 - Bundle Pack Instant Camera(Black)	1
Fujifilm Instax Mini 8 - Bundle Pack Instant Camera(Blue)	1
Fujifilm Instax Mini 8 - Bundle Pack Instant Camera(Pink)	1
Fujifilm Instax Mini 8 - Bundle Pack Instant Camera(Purple)	1
Fujifilm Instax Mini 8 - Bundle Pack Instant Camera(White)	1
Fujifilm Instax Mini 8 - Bundle Pack Instant Camera(Yellow)	1
Fujifilm Instax Mini 8 - Festive Box Instant Camera(Black)	1
Fujifilm Instax Mini 8 - Festive Box Instant Camera(Blue)	1
Fujifilm Instax Mini 8 - Festive Box Instant Camera(Pink)	1
Fujifilm Instax Mini 8 - Festive Box Instant Camera(Purple)	1
Fujifilm Instax Mini 8 - Festive Box Instant Camera(White)	1
Fujifilm Instax Mini 8 - Festive Box Instant Camera(Yellow)	1
Fujifilm Instax Mini 8 Instant Camera(Black)	1
Fujifilm Instax Mini 8 Instant Camera(Blue)	1
Fujifilm Instax Mini 8 Instant Camera(Grape)	1
Fujifilm Instax Mini 8 Instant Camera(Pink)	1
Fujifilm Instax Mini 8 Instant Camera(Raspberry)	1
Fujifilm Instax Mini 8 Instant Camera(White)	1
Fujifilm Instax Mini 8 Instant Camera(Yellow)	1
Fujifilm Instax Mini 8 - Party Box Instant Camera(Blue)	1
Fujifilm Instax Mini 8 - Party Box Instant Camera(Pink)	1
Fujifilm Instax Mini 8 - Party Box Instant Camera(Purple)	1
Fujifilm Instax Mini 8 - Party Box Instant Camera(White)	1
Fujifilm Instax Mini 8 - Party Box Instant Camera(Yellow)	1
Fujifilm Instax Mini 8 (With Film) Instant Camera(Black)	1
Fujifilm Instax Mini 90 Neo Classic Instant Camera(Brown)	1
Fujifilm Instax Mini 90 Neo Classic Instax Instant Camera(Black)	1
Fujifilm Instax Mini 9 Instant Camera(Blue)	1
Fujifilm Instax Wide 300 Instant Camera(Black)	1
Fujifilm JX500(Black)	1
Fujifilm JZ100 Point & Shoot Camera(Black)	1
Fujifilm JZ100(Silver)	1
Fujifilm Mini 90 Black with Black case & 40 Shots Instant Camera(Black)	1
Fujifilm Mini 90 Brown with Brown case & 40 Shots Instant Camera(Black)	1
Fujifilm Mini 9 Cobalt Blue Instant Camera(Blue)	1
Fujifilm Mini 9 Cobalt Blue with Brown Case and 40 Shots Instant Camera(Blue)	1
Fujifilm Mini 9 Flamingo Pink Instant Camera(Pink)	1
Fujifilm Mini 9 Flamingo Pink with Brown case 40 Shots Instant Camera(Multicolor)	1
Fujifilm Mini 9 Ice Blue Instant Camera(Blue)	1
Fujifilm Mini 9 Ice Blue with Brown Case 40 Shots Instant Camera(Blue)	1
Fujifilm Mini 9 Lime Green Instant Camera(Green)	1
Fujifilm Mini 9 Lime Green with Brown case 40 Shots Instant Camera(Green)	1
Fujifilm Mini 9 Smokey White Instant Camera(White)	1
Fujifilm Mini 9 Smokey White with Brown case 40 Shots Instant Camera(White)	1
Fujifilm S2980 Point & Shoot Camera(Black)	1
Fujifilm S4500 Point & Shoot Camera(Black)	1
Fujifilm S 8500 Advanced Point & Shoot Camera(Black)	1
Fujifilm SL1000 Advanced Point & Shoot Camera(Black)	1
Fujifilm SL260 Point & Shoot Camera(Black)	1
Fujifilm SL300 Point & Shoot Camera	1
Fujifilm X-F1 Point & Shoot Camera(Black)	1
Gadget Hero's GHXSC786B Body Only Sports & Action Camera(Black)	1
Gadget Hero's GHXSC786S Body Only Sports & Action Camera(Silver)	1
Gadget Hero's GHXSC786W Body Only Sports & Action Camera(White)	1
Garmin Sports and Action Camera(16 MP)	1
Garmin VIrb XE 1440p30, 1080p60, 960p100, 720p120 Sports & Action Camera(Black)	1
GE A1050 6.3 - 31.5mm Point & Shoot Camera(Red)	1
GE A1050 6.3-31.5mm Point & Shoot Camera(Silver)	1
GE A1050 6.3 - 31.5 Point & Shoot Camera(Pink)	1
GE A1150 11 Megapixel with 5X Optical Zoom, 2.5 inch LCD Point & Shoot Camera(Silver)	1
GE A1150 6.3 - 31.5mm Point & Shoot Camera(Red)	1
GE A1150 Black 6.3 - 31.5mm Point & Shoot Camera(Black)	1
GE E1410SW 10X Optical Zoom, 3-Inch LCD Point & Shoot Camera(Black)	1
GE GE digital A1050 NO Point & Shoot Camera(Black)	1
GE HZ1500wt 16 Megapixels, 15 x Optical Zoom Point & Shoot Camera(White)	1
GE Z1300 10.1 Megapixels Point & Shoot Camera(Silver)	1
GE Z4300 5.2 mm wide x 15.6 mm (tele), f/3.5 (wide) f/6.4 Point & Shoot Camera(Black)	1
GoPro 818279018127 hero5 session Sports & Action Camera(Black)	1
GoPro Hero4-CHDHX-401 Sports & Action Camera(Black)	1
GoPro HERO 5 Session Sports & Action Camera(Black)	1
GoPro HERO 5 Sports & Action Camera(Black)	1
GoPro Hero Session Sports and Action Camera(Black 8 MP)	1
Gopro Hero Sports & Action Camera(Grey)	1
Grandstream GXV3611 Body with SAL 138mm - 96mm IP Camera Camera(White/Black)	1
H= 120� V=89° Sports & Action Camera(Black)	1
Hot Wheels digital camera Body only Point & Shoot Camera(Blue)	1
IBS 30M Under Water Waterproof 2 inch LCD Display 12 Wide Angle Lens Full Sports AC56 1080P Ultra HD Sports & Action Camera(Black)	1
I-Keeper Multifunction Clock Clock Spy Camera(2 MP)	1
IO Gear SA IO-28 Waterproof, Dirtproo Sports and Action Camera(Multicolor 12)	1
IRB W9 WIFI Sports & Action Camera(Silver)	1
ISAW Sports and Action Camera(3.5 MP)	1
IZED HERO 1080P Waterproof Digital with led screen(WITHOUT memory card ) Sports and Action Camera(Black 10.4 MP)	1
IZED HERO 1080P Waterproof Digital with led screen(WITHOUT memory card ) Sports and Action Camera(Blue 10.4 MP)	1
IZED HERO 1080P Waterproof Digital with led screen(WITHOUT memory card ) Sports and Action Camera(Gold 10.4 MP)	1
IZED HERO 1080P Waterproof Digital with led screen(WITHOUT memory card ) Sports and Action Camera(Pink 10.4 MP)	1
IZED HERO 1080P Waterproof Digital with led screen(WITHOUT memory card ) Sports and Action Camera(Yellow 10.4 MP)	1
iZED PLATINUM SECURITY CCTV HD QUALITY OUTDOOR BULLET CAMERA FOR HOME /OFFICE Camcorder(White)	1
IZED SMART BULLET Camcorder(White)	1
IZED SMART DOMES Camcorder(Black)	1
IZED STILL 2017-2018 STUNT VIEW Camera of 1080P Waterproof Digital With with led screen(memory card ) Sports and Action Camera(Black 10.4 MP)	1
IZED STILL 2017-2018 STUNT VIEW Camera of 1080P Waterproof Digital With with led screen(memory card ) Sports and Action Camera(Blue 10.4 MP)	1
IZED STILL 2017-2018 STUNT VIEW Camera of 1080P Waterproof Digital With with led screen(memory card ) Sports and Action Camera(Gold 10.4 MP)	1
IZED STILL 2017-2018 STUNT VIEW Camera of 1080P Waterproof Digital With with led screen(memory card ) Sports and Action Camera(Pink 10.4 MP)	1
IZED STILL 2017-2018 STUNT VIEW Camera of 1080P Waterproof Digital With with led screen(memory card ) Sports and Action Camera(Yellow 10.4 MP)	1
IZED ULTRASHOTx Waterproof Digital 89 BLUE Sports and Action Camera(Blue 10.4 MP)	1
IZED ULTRASHOTx Waterproof Digital 89 PINK Sports and Action Camera(Pink 10.4 MP)	1
IZED ULTRASHOTx Waterproof Digital 89 Sports and Action Camera(Black 10.4 MP)	1
IZED ULTRASHOTx Waterproof Digital 89 YELLOW Sports and Action Camera(Yellow 10.4 MP)	1
Junaldo Hero 4 Mini Sports and Action Camera(Multicolor 12 MP)	1
Krish k12 18_55mm Advanced Point & Shoot Camera(Black)	1
Like Star CCTV 360 Mobile Wifi With IP Connection LS-C02 IP Camera Camera(White)	1
Like Star Home securities Or Office securities With Wifi AP Quick Configuration IP RoHS CE ONVIF Audio Survillance Cam 720 P IP Camera Camera(White)	1
mania electro 1080hd pen Spy Camera(5 MP)	1
mania electro 16gb pen Spy Camera(2 MP)	1
mania electro 808 CAR keychain Spy Camera(2 MP)	1
mania electro 808CAR keychain Spy Camera(2 MP)	1
MANIA ELECTRO HY-900 BUTTON Spy Camera(2 MP)	1
mania electro INBUILT 4GB SC-7 spy watch Spy Camera(2 MP)	1
MANIA ELECTRO J-018 HOOK Spy Camera(2 MP)	1
MANIA ELECTRO mp9 pen Spy Camera(2.1 MP)	1
Maya CCTV Camera Wireless CCTV Camera and Car DVR with 2.5 Inches LCD screen and Night Vision Camcorder(Black)	1
"Maya High Quality 18MP 2.7 TFT LCD Digital Camcorder Camera DV 8X Digital Zoom HD 1280x720 NA Camcorder Camera(White)"""	1
Maya MD80 Mini DV Camcorder DVR Video Camera Webcam Support 32GB HD Cam Sports Helmet Bike Motorbike Camera Video Audio Recorder NA Camcorder Camera(Black)	1
MEZIRE 4K Wifi Waterproof Helmet 2 inch LCD Display BODY WITH SAL Sports & Action Camera(Black)	1
Mezire HD Action Adventure camera-03 130 degree Wide angle lens Sports & Action Camera(Black)	1
Mezire HD Action Adventure camera-04 1 Camera, 1 Waterproof Housing, 1 Handle Bar, 1cPole Mount, 4 Mounts, 1 Battery, 1 USB Cable, 1 User Manual Sports & Action Camera(Black)	1
Microware SJCAM Action & Sports SJCAM SJ360 Panorama 2K Wi-Fi Mini Sports Action Camera Sports and Action Camera(Black 12.4 MP)	1
Microware SJCAMSJ5000WIFIBLACK Sports & Action Camera (Black) SJ5000 WIFI Sports & Action Camera(Black)	1
MMHB m mhb 04 Keychain Spy Camera(3.2 MP)	1
MobHilton Sporty MH-147 Waterproof & Dustproof Sports and Action Camera(Multicolor 12 MP)	1
Mobilegear 12 MP WiFi 1080P Full HD Medium Quality Waterproof Digital Action Camera & Sports Camcorder With 170 degree Wide Angle Lens & Accessories Body Only Sports & Action Camera(Black)	1
Mobilegear 4K Ultra HD 12 MP WiFi Dual Screen Waterproof Digital Camcorder With Accessories & Remote Control Sports and Action Camera(Black 12 MP)	1
Mobilegear 4K Ultra HD 12 MP WiFi Waterproof Digital Action & Sports Camcorder With Accessories Body Only Sports & Action Camera(Black)	1
Mobilegear Gyro Anti-Shake 4K HD Waterproof Digital Camcorder With Accessories SJCAM sj5000 X Elite Sports & Action Camera(Black)	1
Mobile Gear HD Wireless with WiFi Night Vision CCTV Security & Remote Pan & Tilt Function IP Camera Camera(White)	1
Mobilegear Powershot SJCAM SJ5000 14 MP WiFi 1080P Full HD Waterproof Digital Camcorder With Video & Photo Lapse Sports and Action Camera(Black 14)	1
"Mobilegear SJCAM M10 Mini WiFi Waterproof Cum Car Dash Cam with 1.5 LCD Screen & 1080p HD Recording Sports & Action Camera(Black)"""	1
Mobile Gear SJCAM M20 16MP 4K 2304*1296p 30fps Gyro Stabilization WiFi Waterproof DVR Mini Camcorder & Sports & Action Camera(Black)	1
Mobilegear SJCAM SJ4000 12 MP WiFi 1080P Full HD Waterproof Digital Action Camera & Sports Camcorder With Accessories Body only Sports & Action Camera(Black)	1
Mobilegear SJCAM SJ7 STAR 4K WIFI Touch Screen With Accessories Sports and Action Camera(Black 16 MP)	1
Mobilegear XDV 360� Waterproof Wifi Full HD Panoramic Camcorder With Accessories Sports & Action Camera(Black)	1
MOBONE Powershot SuperB Sports and Action Camera(Black 12 MP)	1
MOBONE Powershot SuperC Sports and Action Camera(Black 12 MP)	1
MOBONE Powershot SuperD Sports and Action Camera(Black 12 MP)	1
MOBONE Powershot SuperE Sports and Action Camera(Black 12 MP)	1
MOBONE Powershot SuperF Sports and Action Camera(Black 12 MP)	1
MOBONE Powershot SuperG Sports and Action Camera(Black 12 MP)	1
MOBONE Powershot SuperH Sports and Action Camera(Black 12 MP)	1
MOBONE Powershot SuperI Sports and Action Camera(Black 12 MP)	1
MOBONE Powershot Super Sports and Action Camera(Black 12 MP)	1
Nikon A900 Point and Shoot Camera(Black 20 MP)	1
Nikon A900 Point and Shoot Camera(Silver 20 MP)	1
Nikon A Advanced Point & Shoot Camera(Black)	1
Nikon AW110 Waterproof Point & Shoot Camera(Camouflage)	1
Nikon AW110 Waterproof Point & Shoot Camera(Orange)	1
Nikon AW130 Point & Shoot Camera(Black)	1
Nikon AW130 Point & Shoot Camera(Blue)	1
Nikon B700 Black Point & Shoot Camera(Back)	1
Nikon B700 Point and Shoot Camera(Black 20 MP)	1
Nikon B700 Point and Shoot Camera(Red 20 MP)	1
Nikon Coolpix A100 Point & Shoot Camera(Black)	1
Nikon Coolpix A100 Point & Shoot Camera(Purple)	1
Nikon Coolpix A100 Point & Shoot Camera(Red)	1
Nikon Coolpix A100 Point & Shoot Camera(Silver)	1
Nikon Coolpix A10 Point and Shoot Camera(Red 16.1 MP)	1
Nikon Coolpix A10 Point & Shoot Camera(Black)	1
Nikon Coolpix A10 Point & Shoot Camera(Purple)	1
Nikon Coolpix A10 Point & Shoot Camera(Silver)	1
Nikon Coolpix A300 Point & Shoot Camera(Black)	1
Nikon Coolpix A300 Point & Shoot Camera(Pink)	1
Nikon Coolpix A300 Point & Shoot Camera(Red)	1
Nikon Coolpix A300 Point & Shoot Camera(Red Design)	1
Nikon Coolpix A300 Point & Shoot Camera(Silver)	1
Nikon Coolpix B500 Point & Shoot Camera(Black)	1
Nikon Coolpix B500 Point & Shoot Camera(Purple)	1
Nikon Coolpix B500 Point & Shoot Camera(Red)	1
Nikon Coolpix L23 Point & Shoot Camera(Black)	1
Nikon Coolpix L23 Point & Shoot Camera(Silver)	1
Nikon Coolpix L340 Point & Shoot Camera(Black)	1
Nikon Coolpix P300 Point & Shoot Camera(Black)	1
Nikon Coolpix S100 Point & Shoot Camera(Black)	1
Nikon Coolpix S100 Point & Shoot Camera(Gold)	1
Nikon Coolpix S100 Point & Shoot Camera(Pink)	1
Nikon Coolpix S100 Point & Shoot Camera(Purple)	1
Nikon Coolpix S1100PJ Point & Shoot Camera(Silver)	1
Nikon Coolpix S7000 Point & Shoot Camera(Black)	1
Nikon Coolpix S7000 Point & Shoot Camera(Gold)	1
Nikon Coolpix S7000 Point & Shoot Camera(Pink)	1
Nikon Coolpix S7000 Point & Shoot Camera(White)	1
Nikon Coolpix S8200 Point & Shoot Camera(Black)	1
Nikon Coolpix S8200 Point & Shoot Camera(Red)	1
Nikon Coolpix S8200 Point & Shoot Camera(Silver)	1
Nikon Coolpix W100 Point and Shoot Camera(Multicolor 13 MP)	1
Nikon Coolpix W300 (Black) Shockproof waterproof Advanced Point & Shoot Camera(Black)	1
Nikon Coolpix W300 camouflage Shockproof waterproof Advanced Point & Shoot Camera(Camouflage)	1
Nikon D3100 DSLR Camera(Black)	1
Nikon D3200 (Body only) DSLR Camera(Black)	1
Nikon D3200 (Body with AF-S 18-140 mm VR Kit Lens) DSLR Camera(Black)	1
Nikon D3200 DSLR Camera (Body with AF-S 18-105 mm VR Lens)(Black)	1
Nikon D3200 DSLR Camera (Body with AF-S DX NIKKOR 18-55mm f/3.5-5.6G VR II Lens)(Black)	1
Nikon D3200 with (AF-S 18-55 mm VRII + AF-S 55-200 mm VR Kit) DSLR Camera(Black)	1
Nikon D3300 DSLR Camera (Body with AF-P 18-55 mm F/3.5-5.6G VR + AF-S 55-200 mm F/4-5.6G ED VR II)(Black)	1
Nikon D3300 DSLR Camera (Body with AF-P DX NIKKOR 18 - 55 mm F3.5 - 5.6 VR Kit Lens)(Black)	1
Nikon D3300 DSLR Camera D-ZOOM KIT: AF-P 18-55mm VR + AF-P DX NIKKOR 70-300mm f/4.5-6.3G ED VR Kit Lenses(Black)	1
Nikon D3300 DSLR Camera With Sigma 70 - 300 mm F4-5.6 DG Macro for Nikon Digital SLR Lens(Black)	1
Nikon D3400 DSLR Camera (Body only)(Black)	1
Nikon D3400 DSLR Camera with Kit Lens AF-P DX NIKKOR 18 - 55 mm f/3.5 - 5.6G VR(Black)	1
Nikon D3400 DSLR Camera with Lens AF-P DX NIKKOR 18 - 55 mm f/3.5 - 5.6G VR & AF-P DX NIKKOR 70 - 300 mm f/4.5 - 6.3G ED VR(Black)	1
Nikon D4S DSLR Camera (Body only)(Black)	1
Nikon D500 (Body Only) DSLR Camera (Body only)(Black)	1
Nikon D5100 DSLR Camera	1
Nikon D5200 DSLR Camera (Body with 18 - 140 mm VR DX Lens)(Black)	1
Nikon D5200 DSLR Camera (Body with AF-S 18 - 55 mm VR II + AF-S 55 - 200 mm ED VR II Kit Lens)(Black)	1
Nikon D5200 DSLR Camera (Body with AF-S DX NIKKOR 18-55 mm F/3.5-5.6G VR II Lens)(Black)	1
Nikon D5300 DSLR Camera	1
Nikon D5300 DSLR Camera (Body only)(Red)	1
Nikon D5300 DSLR Camera (Body with AF-P DX NIKKOR 18-55 mm f/3.5-5.6G VR Kit)(Black)	1
Nikon D5300 DSLR Camera (Body with D-Zoom Kit II Body with AF-P DX NIKKOR 18-55 mm F/3.5-5.6G VR + AF-S DX NIKKOR 55-200 mm F/4-5.6G ED VR II)(Black)	1
Nikon D5300 DSLR Camera with Kit Lens (AF-P DX NIKKOR 18 - 55 mm f/3.5 - 5.6G VR + AF-P DX NIKKOR 70 - 300 mm f/4.5 - 6.3G ED VR)(Black)	1
Nikon D5300 with (AF-S 18-140 mm VR Lens) DSLR Camera(Black)	1
Nikon D5500 DSLR Camera (Body with 18 - 140 Lens)(Black)	1
Nikon D5500 DSLR Camera (Body with AF-P DX NIKKOR 18 - 55 mm VR + AF-S 55 - 200 mm ED VR II Lens)(Black)	1
Nikon D5500 DSLR Camera (Body with DX AF-P NIKKOR 18-55 mm F/3.5 - 5.6G VR Kit)(Black)	1
Nikon D5600 DSLR Camera With the AF-P DX Nikkor 18 - 55 MM F/3.5-5.6G VR and 70-300 MM F/4.5-6.3G ED VR(Black)	1
Nikon D5600 DSLR Camera With the AF-P DX Nikkor 18 - 55 MM F/3.5-5.6G VR(Black)	1
Nikon D5600 DSLR Camera With the AF-S DX Nikkor 18 - 140 MM F/3.5-5.6G ED VR(Black)	1
Nikon D610 (Body only) DSLR Camera(Black)	1
Nikon D610 DSLR Camera (Body only)(Black)	1
Nikon D7000 DSLR Camera (Body only)(Black)	1
Nikon D7000 DSLR Camera (Body with AF-S DX NIKKOR 18-105 mm F/3.5-5.6 G ED VR)(Black)	1
Nikon D7100 DSLR Camera (Body only)(Black)	1
Nikon D7100 DSLR Camera (Body with AF-S 18-105 mm VR Lens)(Black)	1
Nikon D7200 Body with AF-S 18 - 105 mm VR Lens DSLR Camera Body with AF-S 18 - 105 mm VR Lens(Black)	1
Nikon D750 Body With 24-120mm VR Lens(Black)	1
Nikon D750 DSLR Camera (Body only)(Black)	1
Nikon D810 24-120mm DSLR Camera(Black)	1
Nikon D810(Body only) DSLR Camera (Body only)(Black)	1
Nikon D90 DSLR Camera (Body with AF-S 18-105 mm VR Lens)(Black)	1
Nikon D-SERIES NIKON D7200 BODY DSLR Camera BODY ONLY(Black)	1
Nikon DSLR Camera 16-80 VR(Black)	1
Nikon DSLR Df DSLR Camera(Black)	1
Nikon DX D5600 DSLR Camera AF-P 18-55mm VR Kit Lens(Black)	1
Nikon DX D7500 DSLR Camera AF-S VR NIKKOR 18-105mm VR lens(Black)	1
Nikon DX NIKON D7500 DSLR Camera BODY(Black)	1
Nikon L25 Point & Shoot Camera(Black)	1
Nikon L25 Point & Shoot Camera(Red)	1
Nikon L25 Point & Shoot Camera(White)	1
Nikon L26 Point & Shoot Camera(Black)	1
Nikon L26 Point & Shoot Camera(Blue)	1
Nikon L26 Point & Shoot Camera(Silver)	1
Nikon L27 Point & Shoot Camera(Black)	1
Nikon L27 Point & Shoot Camera(Silver)	1
Nikon L27 Point & Shoot Camera(Violet)	1
Nikon L27 Point & Shoot Camera(White)	1
Nikon L28 Point & Shoot Camera(Black)	1
Nikon L28 Point & Shoot Camera(Pink)	1
Nikon L28 Point & Shoot Camera(Red)	1
Nikon L28 Point & Shoot Camera(Silver)	1
Nikon L29 Point & Shoot Camera(Black)	1
Nikon L29 Point & Shoot Camera(Red)	1
Nikon L29 Point & Shoot Camera(Silver)	1
Nikon L29 Point & Shoot Camera(Violet)	1
Nikon L30 Point & Shoot Camera(Black)	1
Nikon L30 Point & Shoot Camera(Red)	1
Nikon L30 Point & Shoot Camera(Silver)	1
Nikon L310 Point & Shoot Camera	1
Nikon L31 Point & Shoot Camera(Black)	1
Nikon L31 Point & Shoot Camera(Silver)	1
Nikon L31 Point & Shoot Camera(Violet)	1
Nikon L320 Advanced Point & Shoot Camera(Black)	1
Nikon L330 Point & Shoot Camera(Black)	1
Nikon L610 Point & Shoot Camera(Black)	1
Nikon L610 Point & Shoot Camera(Red)	1
Nikon L610 Point & Shoot Camera(Silver)	1
Nikon L810 Point & Shoot Camera(Blue)	1
Nikon L810 Point & Shoot Camera(Bronze)	1
Nikon L810 Point & Shoot Camera(Red)	1
Nikon L820 Advanced Point & Shoot Camera(Black)	1
Nikon L820 Advanced Point & Shoot Camera(Plum)	1
Nikon L820 Advanced Point & Shoot Camera(Red)	1
Nikon L830 Point & Shoot Camera(Plum)	1
Nikon L840 Point & Shoot Camera(Black)	1
Nikon L840 Point & Shoot Camera(Plum)	1
Nikon L840 Point & Shoot Camera(Red)	1
Nikon Nikon 1 J5 Silver With 10-30 mm Lens Mirrorless Camera Body With 10-30 mm Lens(Silver)	1
Nikon Nikon 1 J5 With 10-30mm Mirrorless Camera Body with 10-30 mm lens(Black)	1
Nikon Nikon Coolpix L340 Point & Shoot Camera (Black) L340 Point & Shoot Camera(Black)	1
Nikon P520 Advanced Point & Shoot Camera(Black)	1
Nikon P520 Advanced Point & Shoot Camera(Red)	1
Nikon P530 Point & Shoot Camera(Black)	1
Nikon P610 Point & Shoot Camera(Black)	1
Nikon P610 Point & Shoot Camera(Red)	1
Nikon P900 Point & Shoot Camera(Black)	1
Nikon S01 Mirrorless Camera(Pink)	1
Nikon S01 Mirrorless Camera(White)	1
Nikon S01 Point & Shoot Camera(Black)	1
Nikon S1200pj Mirrorless Camera(Pink)	1
Nikon S1200PJ Point & Shoot Camera(Black)	1
Nikon S2600 Point & Shoot Camera(Black)	1
Nikon S2600 Point & Shoot Camera(Floral Black)	1
Nikon S2600 Point & Shoot Camera(Pink)	1
Nikon S2600 Point & Shoot Camera(Red)	1
Nikon S2600 Point & Shoot Camera(Silver)	1
Nikon S2700 Point & Shoot Camera(Blue)	1
Nikon S2700 Point & Shoot Camera(Purple)	1
Nikon S2700 Point & Shoot Camera(Red)	1
Nikon S2700 Point & Shoot Camera(Silver)	1
Nikon S2800 Point & Shoot Camera(Black)	1
Nikon S2800 Point & Shoot Camera(Violet)	1
Nikon S2900 Coolpix Camera Mirrorless Camera(Purple)	1
Nikon S2900 Coolpix Camera Mirrorless Camera(Silver)	1
Nikon S2900 Point & Shoot Camera(Black)	1
Nikon S2900 Point & Shoot Camera(Violet)	1
Nikon S30 Point & Shoot Camera(Black)	1
Nikon S30 Point & Shoot Camera(Blue)	1
Nikon S30 Point & Shoot Camera(Pink)	1
Nikon S30 Point & Shoot Camera(White)	1
Nikon S31 Waterproof Point & Shoot Camera(Blue)	1
Nikon S31 Waterproof Point & Shoot Camera(Pink)	1
Nikon S31 Waterproof Point & Shoot Camera(White)	1
Nikon S32 Point & Shoot Camera(White)	1
Nikon S3300 Point & Shoot Camera(Black)	1
Nikon S3300 Point & Shoot Camera(Blue)	1
Nikon S3300 Point & Shoot Camera(Green)	1
Nikon S3300 Point & Shoot Camera(Pink)	1
Nikon S3300 Point & Shoot Camera(Purple)	1
Nikon S3300 Point & Shoot Camera(Silver)	1
Nikon S3500 Point & Shoot Camera(Blue)	1
Nikon S3500 Point & Shoot Camera(Design Pink)	1
Nikon S3500 Point & Shoot Camera(Orange)	1
Nikon S3500 Point & Shoot Camera(Pink)	1
Nikon S3500 Point & Shoot Camera(Purple)	1
Nikon S3600 Point & Shoot Camera(Black)	1
Nikon S3600 Point & Shoot Camera(Pink)	1
Nikon S3600 Point & Shoot Camera(Red)	1
Nikon S3600 Point & Shoot Camera(Silver)	1
Nikon S3700 Coolpix Camera Mirrorless Camera(Pink)	1
Nikon S3700 Coolpix Camera Mirrorless Camera(Red)	1
Nikon S3700 Coolpix Camera Mirrorless Camera(Silver)	1
Nikon S3700 Point & Shoot Camera(Black)	1
Nikon S4300 Point & Shoot Camera(Black)	1
Nikon S4300 Point & Shoot Camera(Blue)	1
Nikon S4300 Point & Shoot Camera(Purple)	1
Nikon S4300 Point & Shoot Camera(Red)	1
Nikon S4300 Point & Shoot Camera(Silver)	1
Nikon S4300 Point & Shoot Camera(White)	1
Nikon S4400 Point & Shoot Camera(Black)	1
Nikon S4400 Point & Shoot Camera(Silver)	1
Nikon S5200 Point & Shoot Camera(Blue)	1
Nikon S5200 Point & Shoot Camera(Purple)	1
Nikon S5200 Point & Shoot Camera(Red)	1
Nikon S5200 Point & Shoot Camera(Silver)	1
Nikon S6200 Point & Shoot Camera(Black)	1
Nikon S6200 Point & Shoot Camera(Blue)	1
Nikon S6200 Point & Shoot Camera(Pink)	1
Nikon S6200 Point & Shoot Camera(Red)	1
Nikon S6200 Point & Shoot Camera(Silver)	1
Nikon S6200 Point & Shoot Camera(White)	1
Nikon S6300 Point & Shoot Camera(Black)	1
Nikon S6300 Point & Shoot Camera(Red)	1
Nikon S6400 Mirrorless Camera(Blue)	1
Nikon S6400 Mirrorless Camera(Red)	1
Nikon S6400 Point & Shoot Camera(Black)	1
Nikon S6500 Advanced Point & Shoot Camera(Black)	1
Nikon S6500 Advanced Point & Shoot Camera(Blue)	1
Nikon S6500 Advanced Point & Shoot Camera(Orange)	1
Nikon S6500 Advanced Point & Shoot Camera(Red)	1
Nikon S 6600 Point & Shoot Camera(Black)	1
Nikon S 6600 Point & Shoot Camera(Red)	1
Nikon S6700 Point & Shoot Camera(Black)	1
Nikon S6700 Point & Shoot Camera(Red)	1
Nikon S6900 Point & Shoot Camera(Black)	1
Nikon S6900 Point & Shoot Camera(White)	1
Nikon S9200 Point & Shoot Camera(Blue)	1
Nikon S9200 Point & Shoot Camera(Brown)	1
Nikon S9200 Point & Shoot Camera(Silver)	1
Nikon S9300 Point & Shoot Camera(Black)	1
Nikon S9300 Point & Shoot Camera(Blue)	1
Nikon S9300 Point & Shoot Camera(Silver)	1
Nikon S9400 Advanced Point & Shoot Camera(Black)	1
Nikon S9400 Advanced Point & Shoot Camera(Red)	1
Nikon S9400 Advanced Point & Shoot Camera(Silver)	1
Nikon S9400 Advanced Point & Shoot Camera(White)	1
Nikon S9500 Advanced Point & Shoot Camera(Black)	1
Nikon S9500 Advanced Point & Shoot Camera(Brown)	1
Nikon S9500 Advanced Point & Shoot Camera(Red)	1
Nikon S9500 Advanced Point & Shoot Camera(Silver)	1
Nikon S9900 Point & Shoot Camera(Black)	1
Nikon W100 Nikon W100 Camera Point & Shoot Camera(White)	1
Noise Play 1 Play Sports and Action Camera(Black 16 MP)	1
Offhill DJN-202344 REMAX - WATERPROOF WI-FI ACTION CAMERA - YELLOW Sports and Action Camera(Yellow 12 MP)	1
Olympus OMD E-M5 Mark II DSLR Camera (Body only)(Silver)	1
Olympus STYLUS 1 Advanced Point & Shoot Camera(Black)	1
Olympus SZ-16 Advanced Point & Shoot Camera(Black)	1
Osrpe Powershot Full HD1080p Sports Camera Camcorder(Black)	1
Padraig 4k action camera Sports and Action Camera(Black 16 MP)	1
Padraig Action Shot Full HD Waterproof Sports and Action Camera(Black 5 MP)	1
Panasonic AG-AC160AEN AVCCAM Video Camera Camcorder Camera(Black)	1
Panasonic AG-AC90AEN(Video camera) Video Camera(Black)	1
Panasonic AG-AC90A Video Camera(Black)	1
Panasonic AG-GH4U Body With Interface Unit (Yaghg) Mirrorless Camera(Black)	1
Panasonic DMC-FH7 Point & Shoot Camera	1
Panasonic DMC-FZ1000 Nil Advanced Point & Shoot Camera(BLACL)	1
Panasonic Dmc-FZ 1000 With attached 25-400 mm LEICA lens Advanced Point & Shoot Camera(Black)	1
Panasonic DMC-LS6 Point & Shoot Camera(Black)	1
Panasonic DMC-S2(Violet)	1
Panasonic DSLR Camera (Body only)(Black)	1
Panasonic HC-MDH2M(High Definition Video Camera) High Definition Video Camera(Black)	1
Panasonic HC-PV100GW NONE Camcorder Camera(Black)	1
Panasonic HC-V160 HD Video Camera Camcorder Camera(Black)	1
Panasonic HC-V180 Full HD 28mm WIDE LENS Camcorder Camera(Black)	1
Panasonic HC-V270GW NONE Camcorder Camera(Black)	1
Panasonic HC-V270 PANASONIC HC-V270 CAMCORDER (BLACK) Camcorder(Black)	1
Panasonic HC-V380K Full HD Camcorder Camera(Black)	1
Panasonic HC-V770 HD Video Camera Camcorder Camera(Black)	1
Panasonic HC-V785 v785 Camcorder(Black)	1
Panasonic Lumix DMC-FZ300 25-600mm f2.8 constant aperture Zoom camera with 4k Movie Advanced Point & Shoot Camera(Black)	1
Panasonic PROFESSIONAL CAMCORDER HC-MDH2GC Camcorder(Black)	1
Panasonic V160 (Black) with 2 pcs 8gb memory card & carry bag video Camera Camcorder Camera(Black)	1
PANASONIC V385 V385 Camcorder(Black)	1
Pentax Efina Plus Point & Shoot Camera(Black)	1
Pentax Efina Point and Shoot Camera(Silver 14 MP)	1
Pentax K 50 (Body with DA 18-135 mm WR Lens) DSLR Camera	1
Pentax K 50 Double (DAL 18-55 mm WR + DAL 50-200 mm WR) Lens Mirrorless Camera	1
Pentax K 5 II (Body only) DSLR Camera	1
Pentax K 5 II (DA18-135 mm WR Lens) DSLR Camera	1
Pentax K 5 II DSLR Camera (Body only)(Black)	1
Pentax K 5 IIs DSLR Camera (Body only)(Black)	1
Pentax MX1 Mirrorless Camera(Black)	1
perito waterproof action camera yes Camcorder Camera(Silver)	1
Photodealzindia SJCAM SJ4000 Wifi NA Sports & Action Camera(Black)	1
Polaroid Instant Polaroid Snap Touch Instant Camera(White)	1
Polaroid Instant Snap touch Instant Camera(Black)	1
Polaroid Snap touch snap touch Instant Camera(Blue)	1
Polaroid Snap touch Snap touch Instant Camera(Red)	1
Polaroid snap touch touch Instant Camera(Pink)	1
Pronix pro-1051 PEN Spy Camera(5 MP)	1
Pyle FULL HD SPORTS ACTION CAMERA PSCHD60BK Body Sports & Action Camera(Black)	1
"Quit-X � 1.5 LCD Waterproof Cam Holder Sports & Action Camera(Black)"""	1
Quit-X �� Mini Underwater 1080p Cam Holder Sports & Action Camera(Black)	1
Ricoh WG-4 Mirrorless Camera(Yellow)	1
Royal Ultra HD 1080P Sports and Action Camera(Black, Blue, Gold, White 12 MP)	1
SAFETYNET CAMERA NFHJH Camcorder(Black)	1
SAFETYNET CAMERA SF-00645 Camcorder(Black)	1
SAFETYNET CAMERA SF-00669 Camcorder(Black)	1
SAFETYNET CAMERA SF-0089 Camcorder(Black)	1
SAFETYNET CAMERA SF-023 Camcorder(Black)	1
SAFETYNET CAMERA SF-0346 Camcorder(Black)	1
SAFETYNET CAMERA SF-0360 Camcorder(Black)	1
SAFETYNET CAMERA SF-04698 Camcorder(Black)	1
SAFETYNET CAMERA SF-0649 Camcorder(Black)	1
SAFETYNET CAMERA SF-0976 Camcorder(Black)	1
SAFETYNET CAMERA SF-1080PKEYCHAIN Camcorder(Black)	1
SAFETYNET CAMERA SF-1364 Camcorder(Black)	1
SAFETYNET CAMERA SF-1398 Camcorder(Black)	1
SAFETYNET CAMERA SF1679 Camcorder(Black)	1
SAFETYNET CAMERA SF1689 Camcorder(Black)	1
SAFETYNET camera SF20 Camcorder(Black)	1
SAFETYNET CAMERA SF-20 Camcorder(Black)	1
SAFETYNET CAMERA SF21 Camcorder(Black)	1
SAFETYNET CAMERA SF-2659 Camcorder(Black)	1
SAFETYNET CAMERA SF-31202 Camcorder(Black)	1
SAFETYNET CAMERA SF-3169 Camcorder(Black)	1
SAFETYNET CAMERA SF-3469 Camcorder(Black)	1
SAFETYNET CAMERA SF-369 Camcorder(Black)	1
SAFETYNET CAMERA SF-4067 Camcorder(Black)	1
SAFETYNET CAMERA SF-4369 Camcorder(Black)	1
SAFETYNET CAMERA SF-4389 Camcorder(Black)	1
SAFETYNET CAMERA SF-4562 Camcorder(Black)	1
SAFETYNET CAMERA SF-4608 Camcorder(Black)	1
SAFETYNET CAMERA SF46987 Camcorder(Black)	1
SAFETYNET CAMERA SF50 Camcorder(Black)	1
SAFETYNET CAMERA SF-519 Camcorder(Black)	1
SAFETYNET CAMERA SF-5444 Camcorder(Black)	1
SAFETYNET CAMERA SF59 Camcorder(Black)	1
SAFETYNET CAMERA SF623 Camcorder(Black)	1
SAFETYNET CAMERA SF-6348 Camcorder(Black)	1
SAFETYNET CAMERA SF65 Camcorder(Black)	1
SAFETYNET CAMERA SF71 Camcorder(Black)	1
SAFETYNET CAMERA SF-731 Camcorder(Black)	1
SAFETYNET CAMERA SF75 Camcorder(Black)	1
SAFETYNET CAMERA SF:786 Camcorder(Black)	1
SAFETYNET camera SF78 Camcorder(Black)	1
SAFETYNET CAMERA SF:78 Camcorder(Black)	1
SAFETYNET CAMERA SF-890 Camcorder(Black)	1
SAFETYNET CAMERA SF-9035 Camcorder(Black)	1
SAFETYNET CAMERA SF926 Camcorder(Black)	1
SAFETYNET CAMERA SF-BMW0568 Camcorder(Black)	1
SAFETYNET CAMERA SF-BMW7985 Camcorder(Black)	1
SAFETYNET CAMERA SF-PD369 Camcorder(Black)	1
SAFETYNET CAMERA SF-RWW 00336 Camcorder(Black)	1
SAFETYNET CAMERA SF-SSS4 Camcorder(Black)	1
SAFETYNET camera SG78 Camcorder(Black)	1
SAFETYNET SAFETYNET SF12 Camcorder(Black)	1
SAFETYNET SAFETYNET SF20 Camcorder(Black)	1
SAFETYNET SFffss CAMERA Camcorder(Black)	1
safetynet sf sf-50 Camcorder(Black)	1
Samsung ST66 DIGITAL Point & Shoot Camera(Black)	1
Samsung ST66 F = 4.5 ~ 22.5mm (35mm film equivalent : 25 ~ 125mm) Point & Shoot Camera(Silver)	1
Shrih 16 Megapixels 4K Ultra HD Video Recording Sports and Action Camera(Black 16 MP)	1
Shrih 2 inch LCD 12 Megapixels Sports and Action Camera(Black 12 MP)	1
Shrih 8 mp LCD Display Sports and Action Camera(Pink 8 MP)	1
Shrih Mini Waterproof DV 720P Video Body Only Sports & Action Camera(Pink)	1
Shrih New Waterproof WiFi Sports and Action Camera(Blue 12 MP)	1
Shrih Sport Hd Wifi Action Sports and Action Camera(Black 16 MP)	1
Shrih Ultra HD 4K WIFI Dual Screen Waterproof Body Only Sports & Action Camera(Yellow)	1
ShutterBugs 980 Action_ Camera Sports and Action Camera(Black 12 MP)	1
ShutterBugs SB 980 Sports and Action Camera(Multicolor 12 MP)	1
Shutterbugs SSC-146 140 Degree Wide Angle Sports & Action Camera(Multicolor)	1
SJCAM 4000 2.0LTPS 170�A+ HD wide-angle lens, 6G lens Sports & Action Camera(Black)	1
"SJCAM 4000 SJCAM 4000 1.5 SCREEN WATERPRROF Sports and Action Camera(Black 10 MP)"""	1
"SJCAM 4000 SJCAM 4000 WIFI 2 SCREEN WATERPROOF Sports and Action Camera(Black 12 MP)"""	1
SJCAM 4000wifi_10 Sjcam sj4000 Wifi black Sports & Action Camera(Black)	1
SJCAM 4000wifi_11 Sjcam sj4000 Wifi black +1Battery Sports & Action Camera(Black)	1
SJCAM 4000wifi_12 Sjcam sj4000 Wifi black + 2Battery Sports & Action Camera(Black)	1
SJCAM 4000wifi_1 Sjcam sj4000 Wifi black Sports & Action Camera(Black)	1
SJCAM 4000wifi_2 Sjcam sj4000 Wifi black +1Battery Sports & Action Camera(Black)	1
SJCAM 4000wifi Body Only Sports & Action Camera(Black)	1
SJCAM 4000 WIFI Lens f= 2.99mm /F= 2.8/170� Sports & Action Camera(Black)	1
SJCAM 4000 WIFI PLUS 170 degrees A+ grade HD wide angle Sports & Action Camera(Black)	1
SJCAM 5000 Novatek 96655 14MP 170� Wide Angle 2.0'' LCD 1080P Sport Action Camera Waterproof Cam HD Camcorder Outdoor for Vehicle Diving Swimming (Black) Sports & Action Camera(Black)	1
SJCAM 5000 Wifi _111 Lens f= 2.99mm�  Camcorder Camera(Yellow)	1
SJCAM 5000 Wifi _122 Lens f= 2.99mm�  Camcorder Camera(Gold)	1
SJCAM 5000 Wifi + Sjcam Sj5000+ Water Resistant Helmet Head Video Camcorder (Black) Sports & Action Camera(Black)	1
SJCAM H9 H9 Sports and Action Camera(Black 12 MP)	1
SJCAM M10 WIFI 170� HD wide-angle fish-eye lens, non deformable Sports & Action Camera(Black)	1
Sjcam M10 Wifi Mini Cube Wide-Angle 170 degree Cam-1.5 Inch Ultra HD Display Waterproof 12MP 1080p HD Camcorder-Car Dash 170 Degree HD wide-angle lens Sports & Action Camera(Black)	1
SJCAM M20 Adjustable Viewing Angle: 170� 140° 110° & 70° Sports & Action Camera(Black)	1
SJCAM Microware SJCAM 5000X Elite Sports & Action Camera (Black) SJCAMSJ5000WIFIBLACK_1Battery Sports & Action Camera(Black)	1
SJCAM Microware SJCAM SJ5000 X ELITE (Black) Adjustable Viewing Angle: 170� 140° 110° & 70° Sports & Action Camera(Black)	1
SJCAM Microware SJCAM SJ6 LEGEND (Black) Adjustable Viewing Angle: 166� H= 120° V=89° Sports & Action Camera(Black)	1
SJCAM SJ4000 170�A+ HD wide-angle lens, 6G lens Sports & Action Camera(Black)	1
SJCAM SJ4000+ Wifi 2K Gyro Sports Action Camera Wifi Sports & Action Camera(Black)	1
SJCAM SJ4000 WIFI Lens f= 2.99mm /F= 2.8/170� Sports & Action Camera(White)	1
SJCAM SJ4000 WIFI PLUS 170 degrees A+ grade HD wide angle Sports & Action Camera(Yellow)	1
"SJCAM SJ5000 Wifi 14MP 1080P 2.0 LCD Sports & Action Camera(Silver)"""	1
"SJCAM SJ5000 WIFI Lens f= 2.99mm /F= 2.8/170� 170 Ultra orthoscopic camera Sports & Action Camera(Blue)"""	1
SJCAM SJ5000 WIFI PLUS Lens f= 2.99mm /F= 2.8/170� Sports & Action Camera(Yellow)	1
SJCAM SJ5000x ELITE 4K Sony IMX078 Waterproof WiFi Sports Action Camera Sports & Action Camera(Black)	1
SJCAM SJ5000 X ELITE Adjustable Viewing Angle: 170� 140° 110° & 70° Sports & Action Camera(Black)	1
"SJCAM SJ6 LEGEND 2 LCD Touch Screen 2880�2160 4K Action Camera Novate. 4K Sports & Action Camera(Black)"""	1
SJCAM SJ6 Legend 4K Sports Gyro Action Camera with 2 Dual LCD Touch Screen	1
SJCAM SJ6 LEGEND Adjustable Viewing Angle: 166�	1
"SJCAM SJ7 Star 4K 12Mp 2 Touch Screen Metal Body Gyro Action Camera Sports & Action Camera(Black)"""	1
SJCAM Sjcam4000Sj_10 Sjcam sj4000 Wifi black Sports & Action Camera(Black)	1
SJCAM Sjcam 4000 Sj _12 Sjcam 4000 Wifi black + 2Battery Sports & Action Camera(Black)	1
SJCAM Sjcam 4000 Sj _13 Sjcam 4000 Wifi black Sports & Action Camera(Black)	1
SJCAM Sjcam4000Sj_13 Sjcam sj4000 Wifi black Sports & Action Camera(Black)	1
SJCAM Sjcam 4000 Sj _15 Sjcam 4000 Wifi black + 2Battery Sports & Action Camera(Black)	1
SJCAM Sjcam4000Sj_1 Sjcamj4000WifiGolden Sports & Action Camera(Gold)	1
SJCAM Sjcam 4000 Sj _2 Sjcam 4000 Wifi Golden _ 1 Battery Sports & Action Camera(Gold)	1
SJCAM Sjcam 4000 Sj _3 Sjcam 4000 Wifi Golden _2 Battery Sports & Action Camera(Gold)	1
SJCAM Sjcam 4000 Sj _4 Sjcam 4000 Wifi Blue Sports & Action Camera(Blue)	1
SJCAM Sjcam 4000 Sj _5 Sjcam 4000 Wifi Blue_1Battery Sports & Action Camera(Blue)	1
SJCAM Sjcam 4000 Sj _6 Sjcam 4000 Wifi Blue_2Battery Sports & Action Camera(Blue)	1
SJCAM Sjcam 4000 Sj _7 Sjcam 4000 Wifi Yellow Sports & Action Camera(Yellow)	1
SJCAM Sjcam 4000 Sj _8 Sjcam 4000 Wifi Yellow_1Battery Sports & Action Camera(Yellow)	1
SJCAM Sjcam 4000 Sj _9 Sjcam 4000 Wifi Yellow_2Battery Sports & Action Camera(Yellow)	1
SJCAM Sjcam4000Wifi_0001 Sjcamsj4000Wifiblack Sports & Action Camera(Black)	1
SJCAM Sjcam4000Wifi_0003 Sjcamsj4000Wifiblack+2Battery Sports & Action Camera(Black)	1
SJCAM SJCAMSJ5000WIFIBLACK_1Battery SJCAMSJ5000WIFIBLACK_1Battery Sports & Action Camera(Black)	1
SJCAM SJCAMSJ5000WIFIBLACK_2Battery SJCAMSJ5000WIFIBLACK_2Battery Sports & Action Camera(Black)	1
SJCAM Sjcam Sj 5000 Wifi Silver _1 Sjcam 5000 Wifi 0001 Sports & Action Camera(Silver)	1
SJCAM Sjcam Sj 5000 Wifi Silver _2 Sjcam 5000 Wifi 0002 Sports & Action Camera(Silver)	1
SJCAM SJCAMSJ5000XWIFIBLACK+1Battery SJCAMSJ5000WIFIBLACK_1Battery Sports & Action Camera(Black)	1
SJCAM SJCAMX1000WIFIBLACKBLACK SJCAMX1000WIFIBLACK Sports & Action Camera(Black)	1
SJCAM SJ M10 WIFI PLUS 170� HD wide-angle fish-eye lens, non deformable Sports & Action Camera(Black)	1
Sjcam Wifi Mini Cube Cam-1.5 Inch Ultra HD Display Waterproof 12MP 1080p Camcorder-Car Dash 170 Degree HD wide-angle lens Sports & Action Camera(Black)	1
Sjcam Wifi Mini Cube Cam-1.5 Inch Ultra HD Display Waterproof 12MP 1080p - Car Dash 170 Degree HD wide-angle lens Point & Shoot Camera(Black)	1
SJ SD366 Button Spy Camera(5 MP)	1
Smiledrive 360D 360 Panoramic WIFI Sports HD Action Camera with Waterproof Casing -White Sports and Action Camera(White 16 MP)	1
Smiledrive 360� VR 360 Panoramic WIFI Sports HD Action Camera with Waterproof Casing Sports and Action Camera(Black 16 MP)	1
Sony ALFA ILCE-7SM2 Mirrorless Camera BODY(Black)	1
Sony Alpha ILCA-77M2 DSLR Camera (Body only)(Black)	1
Sony Alpha ILCE-6000Y DSLR Camera (Body only)(Black)	1
Sony Alpha SLT-A58M DSLR Camera (Body only)(Black)	1
Sony Alpha SLT-A58Y DSLR Camera (Body with DT 18 - 55 mm F3.5 - 5.6 SAM II and DT 55 - 200 mm F4 - 5.6 SAM)(Black)	1
Sony Camcorder Sony Camcorder CX405 Camcorder(Black)	1
Sony DCR-SX22E Camcorder Camera(Black)	1
Sony DCR-SX45E Camcorder Camera(Blue)	1
Sony DCR-SX45E Camcorder Camera(Red)	1
Sony DSC-H100 Point & Shoot Camera	1
Sony DSC-H200 Point & Shoot Camera(Black)	1
Sony DSC-H300 Point & Shoot Camera(Black)	1
Sony DSC-H400 Point & Shoot Camera(Black)	1
Sony DSC-H90 Point & Shoot Camera(Black)	1
Sony DSC-H90 Point & Shoot Camera(Silver)	1
Sony DSC-HX10V Point & Shoot Camera(Red)	1
Sony DSC-HX10V Point & Shoot Camera(Silver)	1
Sony DSC HX200 SEMI SLR Advanced Point & Shoot Camera(Black)	1
Sony DSC-HX20V Point & Shoot Camera(Black)	1
Sony DSC-HX20V Point & Shoot Camera(Brown)	1
Sony DSC-HX400V/CIN5 Point & Shoot Camera(Black)	1
Sony DSC-HX50V Advanced Point & Shoot Camera(Silver)	1
Sony DSC-HX60V Point & Shoot Camera(Black)	1
Sony DSC-HX90V/BCIN5 Camera Point & Shoot Camera(Black)	1
Sony DSC-QX10 Cyber Shot Mirrorless Camera(Black)	1
Sony DSC-RX100 IV Point & Shoot Camera(Black)	1
Sony DSC-RX100M2 Advanced Point & Shoot Camera(Black)	1
Sony DSC-RX100M3 Point & Shoot Camera(Black)	1
Sony DSC-RX100 Point & Shoot Camera	1
Sony DSC-RX10 Point & Shoot Camera(Black)	1
Sony DSC-S5000 Point & Shoot Camera(Silver)	1
Sony DSC-W610 Mirrorless Camera(Green)	1
Sony DSC-W610 Mirrorless Camera(Silver)	1
Sony DSC-W610 Point & Shoot Camera(Black)	1
Sony DSC-W690 Mirrorless Camera(Blue)	1
Sony DSC-W690 Mirrorless Camera(Red)	1
Sony DSC-W690 Mirrorless Camera(Silver)	1
Sony DSC-W690 Point & Shoot Camera(Black)	1
Sony DSC-W710 Point & Shoot Camera(Pink)	1
Sony DSC-W730 Point & Shoot Camera(Black)	1
Sony DSC-W730 Point & Shoot Camera(Blue)	1
Sony DSC-W730 Point & Shoot Camera(Green)	1
Sony DSC-W730 Point & Shoot Camera(Pink)	1
Sony DSC-W800/BC in5 Point & Shoot Camera(Black)	1
Sony DSC-W800 Point & Shoot Camera(Silver)	1
Sony DSC-W810/PC Point & Shoot Camera(Pink)	1
Sony DSC-W810 Point & Shoot Camera(Black)	1
Sony DSC-W810 Point & Shoot Camera(Silver)	1
Sony DSC-W830/BC Point & Shoot Camera(Black)	1
Sony DSC W830 Black NO Point & Shoot Camera(Black)	1
Sony DSC-W830 Point & Shoot Camera(Pink)	1
Sony DSC-W830 Point & Shoot Camera(Silver)	1
Sony DSC-W830/VC Point & Shoot Camera(Violet)	1
Sony DSC-WX150 Point & Shoot Camera(Black)	1
Sony DSC-WX150 Point & Shoot Camera(Red)	1
Sony DSC-WX150 Point & Shoot Camera(Silver)	1
Sony DSC-WX200 Point & Shoot Camera(Black)	1
Sony DSC-WX200 Point & Shoot Camera(Gold)	1
Sony DSC-WX220/NC IN5 Point & Shoot Camera(Gold)	1
Sony DSC-WX220 Point & Shoot Camera(Black)	1
Sony DSC-WX220 Point & Shoot Camera(Pink)	1
Sony DSC-WX350 Point & Shoot Camera(Black)	1
Sony DSC-WX350 Point & Shoot Camera(Pink)	1
Sony DSC-WX350 Point & Shoot Camera(White)	1
Sony DSC-WX500/BCIN5 Camera Point & Shoot Camera(Black)	1
Sony DSC-WX500/RCIN5 Camera Point & Shoot Camera(Red)	1
Sony DSC-WX500/WCIN5 Point & Shoot Camera(White)	1
Sony DSC-WX50 Point & Shoot Camera(Black)	1
Sony DSC-WX50 Point & Shoot Camera(Blue)	1
Sony DSC-WX50 Point & Shoot Camera(Gold)	1
Sony DSC-WX50 Point & Shoot Camera(Pink)	1
Sony DSC-WX50 Point & Shoot Camera(Silver)	1
Sony DSC-WX60 Point & Shoot Camera(Black)	1
Sony DSC-WX60 Point & Shoot Camera(Pink)	1
Sony DSC-WX60 Point & Shoot Camera(White)	1
Sony DSC-WX80 Point & Shoot Camera(Black)	1
Sony DSC-WX80 Point & Shoot Camera(White)	1
Sony FDR-AX40 Camcorder(Black)	1
Sony FDR-X1000V 4K Full HD Sports & Action Camera(White)	1
Sony FDR-X3000 Sports and Action Camera(White 8.2)	1
Sony HDR-AS100V Full HD Action Sports & Action Camera(White)	1
Sony HDR-AS20 Sports & Action Camera	1
Sony HDR-AS300 Sports and Action Camera(White 8.2)	1
Sony HDR-AS50R Sports and Action Camera(Black 11.1)	1
Sony HDR-AS50 Sports and Action Camera(Black 11.1)	1
Sony HDR-CX190E Camcorder Camera	1
Sony HDR-CX200 Camcorder Camera	1
Sony HDR-CX405 Camcorder Camera(Black)	1
Sony HDR-PJ200E Camcorder Camera	1
Sony HDR-PJ380E Camcorder Camera(Black)	1
Sony HDR-PJ410 Camcorder Camera(Black)	1
Sony HXR -MC2500 Full HD Camcorder(Black)	1
Sony Hxr-Mc2500 Video Camera Camcorder Camera(Black)	1
Sony HXR-NX100 FULL HD INBUILT G LENS Camcorder Camera(Black)	1
Sony ILCA-68K DSLR Camera (Body only)(Black)	1
Sony ILCA-68M DSLR Camera (Body only)(Black)	1
Sony ILCA-77M2M DSLR Camera with SAL18135 Lens Mirrorless Camera	1
Sony ILCA-77M2Q Mirrorless Camera Body + 16 - 50 mm Zoom Lens(Black)	1
Sony ILCE-3500J with SEL1850 Lens Mirrorless Camera(Black)	1
Sony ILCE-5000L with SELP1650 Lens Mirrorless Camera(Black)	1
Sony ILCE-5000Y with SELP1650 & SEL55210 Lens Mirrorless Camera(Black)	1
Sony ILCE-5100L/B AP2 Mirrorless Camera(Black)	1
Sony ILCE-6000L with SELP1650 Lens Mirrorless Camera(Black)	1
Sony ILCE-6300 DSLR Camera SELP 16 - 50mm Lens(Black)	1
Sony SLT-A58K Body DSLR Camera (Body only)(Black)	1
Sony Sony H300 Black Point & Shoot Point & Shoot Camera(Black)	1
Sony Sports and Action Camera(11.9 MP)	1
Spot Dealz DJN-879 REMAX - WATERPROOF WI-FI ACTION CAMERA - YELLOW Sports and Action Camera(Yellow 12 MP)	1
SPYCLOUD Secrete Detective 16GBBL1289 Pen Spy Product Camcorder(Black)	1
SPYCLOUD Secrete Detective 4GB DVR Video Hidden Camera-11 Button Spy Product Camcorder(Black)	1
SPYCLOUD Secrete Detective 808-Key-Chain Key Chain Spy Product Camcorder(Black)	1
SPYCLOUD Secrete Detective BD300-8GB-Socket Socket Spy Product Camcorder(White)	1
SPYCLOUD Secrete Detective BD-300-Socket Charger Spy Product Camcorder(White)	1
SPYCLOUD Secrete Detective Black Leather Spy Watch Camcorder(Black)	1
SPYCLOUD Secrete Detective Bluetooth Hidden Camera for Video Headset Spy Product Camcorder(Black)	1
SPYCLOUD Secrete Detective c1 Button Spy Product Camcorder(Black)	1
SPYCLOUD Secrete Detective Camera Based 13-HI-13 Mirror-Camera Glasses Spy Product Camcorder(Black)	1
SPYCLOUD Secrete Detective Camera Based 13 Silver-Metal-Spy-Wrist-4-GB Watch Spy Product Camcorder(Silver)	1
SPYCLOUD Secrete Detective Camera Based 4 GB Memory Inbuilt Slim Button Spy Product Camcorder(Black)	1
SPYCLOUD Secrete Detective Camera Based 808-Key-Chain Key Chain Spy Product Camcorder(Black)	1
SPYCLOUD Secrete Detective Camera Based A8 live Voice Recorder Spy Product Camcorder(Black)	1
SPYCLOUD Secrete Detective Camera Based Black Audio Transmitter For Live Listening Camcorder(Black)	1
SPYCLOUD Secrete Detective Camera Based Black Leather Spy Watch Camcorder(Black)	1
SPYCLOUD Secrete Detective Camera Based Black Spy Voice Recorder Camcorder(Black)	1
SPYCLOUD Secrete Detective Camera Based Board Electricity Socket Spy Product Camcorder(White)	1
SPYCLOUD Secrete Detective Camera Based F01D Watch Spy Product Camcorder(Black)	1
SPYCLOUD Secrete Detective Camera Based HD-Bat-Pen Pen Spy Product Camcorder(Black)	1
SPYCLOUD Secrete Detective Camera Based HD Quality BMW Hidden Spy Keychain for Video/Photo Recording Camcorder(Black)	1
SPYCLOUD Secrete Detective Camera Based HD Quality Table Clock Hidden Camera Audio/ video Recording With Remote Operating 32GB Memory Support. Camcorder(Black)	1
SPYCLOUD Secrete Detective Camera Based Hidden Camera Spy Wrist Watch fro Video/Photo Recording Camcorder(Silver)	1
SPYCLOUD Secrete Detective Camera Based Hidden Pen Drive Camera for Video/ Photo/Audio Recording Camcorder(Black)	1
SPYCLOUD Secrete Detective Camera Based Hidden Slim Button Camera with Inbuilt 4gb Genuine Camcorder(Black)	1
SPYCLOUD Secrete Detective Camera Based J018 Hook Spy Product Camcorder(Black)	1
SPYCLOUD Secrete Detective Camera Based Leather Wrist Watch Spy Camera Inbuilt 16GB memory,Hidden audio /video Recording.While recording no light Flashes Camcorder(Black)	1
SPYCLOUD Secrete Detective Camera Based Look -1542 Watch Spy Product Camcorder(Black)	1
SPYCLOUD Secrete Detective Camera Based Mini DV 8 GB Voice Recorder Camcorder(Black)	1
SPYCLOUD Secrete Detective Camera Based N-09 GSM BUG Live Listening Device Voice Recorder Spy Product Camcorder(Black)	1
SPYCLOUD Secrete Detective Camera Based Pen Drive Spy Product Camcorder(Black)	1
SPYCLOUD Secrete Detective Camera Based Remote Center Lock BMW HD Camera Key Chain Spy Product Camcorder(Black)	1
SPYCLOUD Secrete Detective Camera Based Round-Steel-Table-Clock Clock Spy Product Camcorder(Silver)	1
SPYCLOUD Secrete Detective Camera Based S818-S918 Key Chain Spy Product Camcorder(Black)	1
SPYCLOUD Secrete Detective Camera Based SC-07 16gb sports watch Watch Spy Product Camcorder(Silver)	1
SPYCLOUD Secrete Detective Camera Based (sc) Surveillance Camera Wrist Watch Spy Product Camcorder(Black)	1
SPYCLOUD Secrete Detective Camera Based SG015 Glasses Spy Product Camcorder(Black)	1
SPYCLOUD Secrete Detective Camera Based Silver HD Camera Clock Spy Product Camcorder(Silver)	1
SPYCLOUD Secrete Detective Camera Based Silver HD Camera Watch Spy Product Camcorder(Silver)	1
SPYCLOUD Secrete Detective Camera Based Speck-v13-1 Glasses Spy Product Camcorder(Black)	1
SPYCLOUD Secrete Detective Camera Based Speck-v13-2 Glasses Spy Product Camcorder(White)	1
SPYCLOUD Secrete Detective Camera Based Spy hd Slimmest Button camera inbuilt 4GB Camcorder(Black)	1
SPYCLOUD Secrete Detective Camera Based Spy Key Key Chain Spy Product Camcorder(Black)	1
SPYCLOUD Secrete Detective Camera Based Spy Pendrive Camera with 8GB Card Camcorder(Black)	1
SPYCLOUD Secrete Detective Camera Based Spy Reading Glasses Camera With HD Quality Recording.While recording no light Flashes.32gb memory supportable Camcorder(Black)	1
SPYCLOUD Secrete Detective Camera Based Spy Wrist Watch Camera Video/Audio Recording,While recording no light Flashes,Inbuilt 4GB memory Camcorder(Silver)	1
SPYCLOUD Secrete Detective Camera Based Spy Wrist Watch Hidden Audio/video Recording .While recording no light Flashes.Inbuilt 4GB memory. Camcorder(Black)	1
SPYCLOUD Secrete Detective Camera Based Spy Wrist Watch Hidden Camera With Audio /Video Recording Inbuilt 16GB Memory. Camcorder(Silver)	1
SPYCLOUD Secrete Detective Camera Based Spy Wrist Watch Hidden Camera With Audio /Video Recording Inbuilt 4GB Memory. Camcorder(Silver)	1
SPYCLOUD Secrete Detective Camera Based Spy Wrist Watch Hidden Camera With Audio /Video Recording Inbuilt 8GB Memory. Camcorder(Silver)	1
SPYCLOUD Secrete Detective Camera Based Steel-Wrist-Watch Watch Spy Product Camcorder(Silver)	1
SPYCLOUD Secrete Detective Camera Based Stylish Watch Spy Product Camcorder(Black)	1
SPYCLOUD Secrete Detective Camera Based Sunglasses Camera Glasses Spy Product Camcorder(Black)	1
SPYCLOUD Secrete Detective Camera Based USB Pendrive Voice Recorder - Black Camcorder(Black)	1
SPYCLOUD Secrete Detective Camera Based w00212 Watch Spy Product Camcorder(Black)	1
SPYCLOUD Secrete Detective Camera Based Watch Spy Product Camcorder(Black)	1
SPYCLOUD Secrete Detective Camera Black Spy Button Camera Camcorder(Black)	1
SPYCLOUD Secrete Detective Camera Camera Watch 4GB for Video/Photo Watch Spy Product Camcorder(Black)	1
SPYCLOUD Secrete Detective Camera F01D Watch Spy Product Camcorder(Black)	1
SPYCLOUD Secrete Detective Camera Hidden Button Camera with Inbuilt 4gb Genuine Camcorder(Black)	1
SPYCLOUD Secrete Detective Camera Hidden Camera Spy Wrist Watch fro Video/Photo Recording Camcorder(Silver)	1
SPYCLOUD Secrete Detective Camera Hidden Slim Button Camera with Inbuilt 4gb Genuine Camcorder(Black)	1
SPYCLOUD Secrete Detective Camera J018 Hook Spy Product Camcorder(Black)	1
SPYCLOUD Secrete Detective Camera Keychain Camera Key Chain Spy Product Camcorder(Black)	1
SPYCLOUD Secrete Detective Camera Mini DV 8 GB Voice Recorder Camcorder(Black)	1
SPYCLOUD Secrete Detective Camera N-09 GSM BUG Live Listening Device Voice Recorder Spy Product Camcorder(Black)	1
SPYCLOUD Secrete Detective Camera Night vison watch_2 Watch Spy Product Camcorder(Black)	1
SPYCLOUD Secrete Detective Camera S818-S918 Key Chain Spy Product Camcorder(Black)	1
SPYCLOUD Secrete Detective Camera (sc) Black Leather Spy Watch Camcorder(Black)	1
SPYCLOUD Secrete Detective Camera (sc) Surveillance Based Chain Hand Watch Spy Product Camcorder(Black)	1
SPYCLOUD Secrete Detective Camera Silver HD Camera Watch Spy Product Camcorder(Black)	1
SPYCLOUD Secrete Detective Camera Slimest Button Camera with Inbuilt 4gb Genuine Camcorder(Black)	1
SPYCLOUD Secrete Detective Camera Spy hd Slimmest Button camera inbuilt 4GB Camcorder(Black)	1
SPYCLOUD Secrete Detective Camera Spy Wrist Watch Hidden Audio/video Recording .While recording no light Flashes.Inbuilt 4GB memory. Camcorder(Black)	1
SPYCLOUD Secrete Detective Camera Steel-Wrist-Watch Watch Spy Product Camcorder(Silver)	1
SPYCLOUD Secrete Detective Camera White Plastic Socket Spy Camera with Video Recording Camcorder(Black)	1
SPYCLOUD Secrete Detective Camera Wifi Mini Drive Headset Spy Product Camcorder(Black)	1
SPYCLOUD Secrete Detective DVR Clock Spy Product Camcorder(Multicolor)	1
SPYCLOUD Secrete Detective Electro a8 Voice Recorder Spy Product Camcorder(Black)	1
SPYCLOUD Secrete Detective Electro SG015 Glasses Spy Product Camcorder(Black)	1
SPYCLOUD Secrete Detective Electro Spy BMW Key Camera Camcorder(Black)	1
SPYCLOUD Secrete Detective HD Night Vision function long duration Charger Camera. Support recording while charging .up to 32 gb support Camcorder(Black)	1
SPYCLOUD Secrete Detective HD Quality Hidden Spy Keychain for Video/Photo Recording Camcorder(Black)	1
SPYCLOUD Secrete Detective HD-Steelclock-16gb-DVR Clock Spy Product Camcorder(Silver)	1
SPYCLOUD Secrete Detective Hidden Pen Drive Camera for Video/ Photo/Audio Recording Camcorder(Black)	1
SPYCLOUD Secrete Detective Hidden Spy Pen for Video/Photo Recording Built In 32gb Pen Drive Camcorder(Black)	1
SPYCLOUD Secrete Detective inbuilt 32 GB Hd Pen Camera Camcorder Spy Product Camcorder(Red)	1
SPYCLOUD Secrete Detective J018 Hook Spy Product Camcorder(Black)	1
SPYCLOUD Secrete Detective Live Listening Device/Audio Trnsmtr Voice Recorder Spy Product Camcorder(Black)	1
SPYCLOUD Secrete Detective Live Listening or Audio Transmitter Voice Recorder Spy Product Camcorder(Black)	1
SPYCLOUD Secrete Detective Look -1542 Watch Spy Product Camcorder(Black)	1
SPYCLOUD Secrete Detective MINI-U8 Pen Drive Spy Product Camcorder(Black)	1
SPYCLOUD Secrete Detective MP7 Pen Spy Product Camcorder(Black)	1
SPYCLOUD Secrete Detective Multi-function-multi-function Clock Spy Product Camcorder(Silver)	1
SPYCLOUD Secrete Detective Red Spy Pen for Video/Photo Recording built in 4gb Pen Drive Camcorder(Red)	1
SPYCLOUD Secrete Detective S818-S918-2-BMW Key Chain Spy Product Camcorder(Black)	1
SPYCLOUD Secrete Detective S-918-BMW-8 GB Key Chain Spy Product Camcorder(Black)	1
SPYCLOUD Secrete Detective S918-HD-BatPen Pen Spy Product Camcorder(Black)	1
SPYCLOUD Secrete Detective S918-S818-BMW Button Spy Product Camcorder(Black)	1
SPYCLOUD Secrete Detective S918-SteelTable-Clock Clock Spy Product Camcorder(Multicolor)	1
SPYCLOUD Secrete Detective Silver HD Camera Clock Spy Product Camcorder(Silver)	1
SPYCLOUD Secrete Detective Sinita P1 Button Spy Product Camcorder(Black)	1
SPYCLOUD Secrete Detective Spy Wrist Watch Camera Video/Audio Recording,While recording no light Flashes,Inbuilt 4GB memory Camcorder(Silver)	1
SPYCLOUD Secrete Detective Stylish Smile Booch HD Camera Clothes Spy Product Camcorder(Yellow)	1
SPYCLOUD Secrete Detective Trendy Micro Button Spy Product Camcorder(Black)	1
SPYCLOUD Secrete Detective U8 Pen Drive Spy Product Camcorder(Black)	1
SPYCLOUD Secrete Detective USB HD Camera Pen Drive Spy Product Camcorder(Black)	1
SPYCLOUD Secrete Detective USB Stylish Pen Drive Spy Product Camcorder(Black)	1
SPYCLOUD Secrete Detective w00212 Watch Spy Product Camcorder(Black)	1
SPYCLOUD Secrete Detective Wifi MN7 Button Spy Product Camcorder(Black)	1
SPYCLOUD Secrete Detective Yellow Smiley Spy Camera Camcorder(Yellow)	1
spydo Secrete Security Based 13-HI-13 Mirror-Camera Glasses Spy Product Camcorder(Black)	1
spydo Secrete Security Based 16GB 5MP Camera Pen Spy Product Camcorder(Blue)	1
spydo Secrete Security Based 16GBBL1289 Pen Spy Product Camcorder(Black)	1
spydo Secrete Security Based 16Gb Hidden Camera Pen Spy Product Camcorder(Black)	1
spydo Secrete Security Based 16GB Hidden Spy Pen Camera For Video/Photo Recording Camcorder(Black)	1
spydo Secrete Security Based 32GB Hidden Photo/Video Pen Spy Product Camcorder(Blue)	1
spydo Secrete Security Based 32 GB Inbuilt Pen Camera Pen Spy Product Camcorder(Black)	1
spydo Secrete Security Based BD-300-Socket Charger Spy Product Camcorder(Black)	1
spydo Secrete Security Based Black Audio Transmitter For Live Listening Camcorder(Black)	1
spydo Secrete Security Based Black Sports Spy Watch Camcorder(Black)	1
spydo Secrete Security Based Black Spy Button Camera Camcorder(Black)	1
spydo Secrete Security Based Blue-Spy-Pen-32-GB Pen Spy Product Camcorder(Black)	1
spydo Secrete Security Based Camera Watch 4GB for Video/Photo Watch Spy Product Camcorder(Black)	1
spydo Secrete Security Based dv7 Voice Recorder Spy Product Camcorder(Black)	1
spydo Secrete Security Based DV7 Voice Recorder Spy Product Camcorder(Black)	1
spydo Secrete Security Based Electro Black 32 GB Spy Pen Camera Camcorder(Black)	1
spydo Secrete Security Based F01D Watch Spy Product Camcorder(Black)	1
spydo Secrete Security Based FAT32 Voice Recorder Spy Product Camcorder(Black)	1
spydo Secrete Security Based HD-Bat-Pen Pen Spy Product Camcorder(Black)	1
spydo Secrete Security Based HD Night Vision function long duration Charger Camera. Support recording while charging .up to 32 gb support Camcorder(Black)	1
spydo Secrete Security Based HD Quality Hidden Spy Keychain for Video/Photo Recording Camcorder(Black)	1
spydo Secrete Security Based HD-Steelclock-16gb-DVR Clock Spy Product Camcorder(Black)	1
spydo Secrete Security Based Hidden 16GB Spy Pen Camera For Photo/Video Recording Camcorder(Black)	1
spydo Secrete Security Based Hidden 4 GB Spy Pen for Video/Photo Recording with Digital Voice Recorder Camcorder(Black)	1
spydo Secrete Security Based Hidden Button Camera with Inbuilt 4gb Genuine Camcorder(Black)	1
spydo Secrete Security Based Hidden Camera Pen Drive Spy Product Camcorder(Black)	1
spydo Secrete Security Based Hidden Camera Pen for Video/Photo Recording With Built in 32GB Pen Drive Camcorder(Blue)	1
spydo Secrete Security Based Hidden Camera Spy Wrist Watch fro Video/Photo Recording Camcorder(Silver)	1
spydo Secrete Security Based Hidden Pen Drive Camera for Video/ Photo/Audio Recording Camcorder(Black)	1
spydo Secrete Security Based Hidden Pen Drive Camera for Video/Photo/ Recording Camcorder(Black)	1
spydo Secrete Security Based Hidden Slim Button Camera with Inbuilt 4gb Genuine Camcorder(Black)	1
spydo Secrete Security Based Hidden Spy Pen 4GB With Button Camera Camcorder(Black)	1
spydo Secrete Security Based Hidden Spy Pen Camera 4GB with Button Camera for Recording Camcorder(Black)	1
spydo Secrete Security Based Hidden Spy Pen for Video/Photo Recording Built In 16gb Pen Drive Camcorder(Black)	1
spydo Secrete Security Based Inbuilt 16 GB Memory HD Camera Pen Spy Product Camcorder(Black)	1
spydo Secrete Security Based inbuilt Hd Pen Camera Camcorder Spy Product Camcorder(Black)	1
spydo Secrete Security Based J018 Hook Spy Product Camcorder(Black)	1
spydo Secrete Security Based Keychain Camera Key Chain Spy Product Camcorder(Black)	1
spydo Secrete Security Based Live Listening Device and Audio Transmitter -Black Camcorder(Black)	1
spydo Secrete Security Based Mini DV 8 GB Voice Recorder Camcorder(Black)	1
spydo Secrete Security Based mini mp03 Voice Recorder Spy Product Camcorder(Black)	1
spydo Secrete Security Based N-09 GSM BUG Live Listening Device Voice Recorder Spy Product Camcorder(Black)	1
spydo Secrete Security Based Night vison watch_2 Watch Spy Product Camcorder(Black)	1
spydo Secrete Security Based pen_32gb_inbuilt Pen Spy Product Camcorder(Black)	1
spydo Secrete Security Based Pen Camera Pen Spy Product Camcorder(Black)	1
spydo Secrete Security Based Red Spy Pen for Video/Photo Recording built in 4gb Pen Drive Camcorder(Black)	1
spydo Secrete Security Based Round-Steel-Table-Clock Clock Spy Product Camcorder(Silver)	1
spydo Secrete Security Based S818-S918 Key Chain Spy Product Camcorder(Black)	1
spydo Secrete Security Based S918-HD-BatPen Pen Spy Product Camcorder(Black)	1
spydo Secrete Security Based SC-07 16gb sports watch Watch Spy Product Camcorder(Silver)	1
spydo Secrete Security Based (sc) Black Leather Spy Watch Camcorder(Black)	1
spydo Secrete Security Based (sc) Surveillance Based Chain Hand Watch Spy Product Camcorder(Black)	1
spydo Secrete Security Based Silver HD Camera Watch Spy Product Camcorder(Black)	1
spydo Secrete Security Based Slimest Button Camera with Inbuilt 4gb Genuine Camcorder(Black)	1
spydo Secrete Security Based Speck-v13-2 Glasses Spy Product Camcorder(Black)	1
spydo Secrete Security Based Spy Camera Watch Clock Spy Product Camcorder(Black)	1
spydo Secrete Security Based Spy hd Slimmest Button camera inbuilt 4GB Camcorder(Black)	1
spydo Secrete Security Based Spy Wrist Watch Hidden Audio/video Recording .While recording no light Flashes.Inbuilt 4GB memory. Camcorder(Black)	1
spydo Secrete Security Based Spy Wrist Watch Hidden Camera With Audio /Video Recording Inbuilt 16GB Memory. Camcorder(Silver)	1
spydo Secrete Security Based Steel-Wrist-Watch Watch Spy Product Camcorder(Silver)	1
spydo Secrete Security Based Stylish Look C00212 Watch Spy Product Camcorder(Black)	1
spydo Secrete Security Based Stylish USB Pen Drive Spy Product Camcorder(Black)	1
spydo Secrete Security Based Stylish Watch Spy Product Camcorder(Black)	1
spydo Secrete Security Based Trendy Silva32 Pen Spy Product Camcorder(Black)	1
spydo Secrete Security Based USB Button Button Spy Product Camcorder(Black)	1
spydo Secrete Security Based Voice Recorder Spy Product Camcorder(Blue)	1
spydo Secrete Security Based w00212 Watch Spy Product Camcorder(Black)	1
spydo Secrete Security Based White Plastic Socket Spy Camera with Video Recording Camcorder(Black)	1
spydo Secrete Security Based Wifi Mini Drive Headset Spy Product Camcorder(Black)	1
spydo Secrete Security Based World FW4GBL Pen Spy Product Camcorder(Black)	1
spydo Secrete Security Based Yellow Metal Smiley Hidden Camera Camcorder(Yellow)	1
strikers SJ-8000 Ultra HD Action Camera 4K Video Recording 1920x1080p 60fps Go Pro Style Action camera With Wifi 16 Megapixels Sports and Action Camera(Multicolor 16 MP)	1
Sunlight Traders Action Shot Sports Action Waterproof Camcorder 1080P mini HD-CM1S Sports and Action Camera(Black 12 MP)	1
Sunlight Traders Action Shot Sports Action Waterproof Camcorder 1080P mini HD-CM3 Sports and Action Camera(Black 12)	1
TechGear Sound CCTV Camera Audio Pickup Device Advanced Point & Shoot Camera(White)	1
Technomart Cycling / Bike/ Adventure 4K Ultra HD 1080p DV Sports 16Mp Wifi Action Camera Water Resistant 170 Camcorder Camera(Black)	1
TruOm HD 1080p SPORTS CAM(HD) Sports and Action Camera(Silver 1080 MP)	1
VibeX � 1080P Super Shot Action & Sports Cam Holder Sports & Action Camera(Black)	1
"VibeX � 1.5 LCD Waterproof Cam Holder Sports & Action Camera(Black)"""	1
VibeX �� 2.0-Inch Stunt Sports and Underwater Cam Holder Sports & Action Camera(Black)	1
VibeX �� Full HD 12MP 1080P Black Helmet Sports Action Waterproof Cam Holder Sports & Action Camera(Black)	1
VibeX �� Full HD Waterproof Cam Holder Sports & Action Camera(Black)	1
VibeX � Mini Ultra HD 1080P DV Sports Recorder Action Camcorder Waterproof Cam Holder Sports & Action Camera(Black)	1
VibeX �� Mini Underwater 1080p HD Cam Holder Sports & Action Camera(Black)	1
VibeX � Sports Action Cam Holder Sports & Action Camera(Black)	1
VibeX �� Sports Action Waterproof Camcorder 1080P mini HD Cam Holder Sports & Action Camera(Black)	1
VibeX � Waterproof Helmet HD 1080p Cam Holder Sports & Action Camera(Black)	1
VibeX �� Waterproof Sports Cam Holder Sports & Action Camera(Black)	1
Voltegic � 1080P Super Shot Action & Sports Cam Holder Sports & Action Camera(Black)	1
"Voltegic � 1.5 LCD Waterproof Cam Holder Sports & Action Camera(Black)"""	1
"Voltegic � 1.5 LCD Waterproof Sports Action DVR Cam Holder Sports & Action Camera(Black)"""	1
Voltegic �� Full HD Waterproof Cam Holder Sports & Action Camera(Black)	1
Voltegic �� Mini Adventure Sports,Underwater 1080p HD Cam Holder Sports & Action Camera(Black)	1
Voltegic � Mini Ultra HD 1080P DV Sports Recorder Action Camcorder Waterproof Cam Holder Sports & Action Camera(Black)	1
Voltegic �� Mini Underwater 1080p HD Cam Holder Sports & Action Camera(Black)	1
Voltegic � Sports Action Cam Holder Sports & Action Camera(Black)	1
Voltegic �� Sports Action Waterproof Camcorder 1080P mini HD Cam Holder Sports & Action Camera(Black)	1
Voltegic �� Waterproof Sports Cam Holder Sports & Action Camera(Black)	1
Wonder World �� 1080P Cam Holder Sports & Action Camera(Black)	1
"Wonder World �� 1.5 LCD Cam Holder Sports & Action Camera(Black)"""	1
Wonder World �� 2.0-Inch Stunt Sports and Underwater Cam Holder Sports & Action Camera(Black)	1
Wonder World �� Full HD 12MP 1080P Black Helmet Sports Action Waterproof Cam Holder Sports & Action Camera(Black)	1
Wonder World �� Full HD Cam Holder Sports & Action Camera(Black)	1
Wonder World �� Mini Ultra HD 1080P DV Sports Recorder Action Camcorder Waterproof Cam Holder Sports & Action Camera(Black)	1
Wonder World �� Mini Underwater Cam Holder Sports & Action Camera(Black)	1
Wonder World �� Sports Action Cam Holder Sports & Action Camera(Black)	1
Wonder World �� Sports Action Waterproof Camcorder 1080P mini HD Cam Holder Sports & Action Camera(Black)	1
Wonder World �� Waterproof Helmet Cam Holder Sports & Action Camera(Black)	1
Wonder World � Waterproof Helmet HD 1080p Cam Holder Sports & Action Camera(Black)	1
Wonder World �� Waterproof Sports Cam Holder Sports & Action Camera(Black)	1
xiaoyi international Edition Sports Action Camera Sports & Action Camera(Pearl White)	1
Yi YI 4K+ Action Camera YI 4K+ Action Camera 4K/60fps with Waterproof Case Sports and Action Camera(Black 12 MP)	1
Your Deal SJ4000 1080P Full HD 30fps 12 MP CMOS Sensor H.264(Gold)	1
YourDeal SJ4KYDBLK Sports & Action Camera(Black)	1
YourDeal SJ4KYDSIL Sports & Action Camera(Silver)	1
YourDeal SJ4KYDWHT Sports & Action Camera(White)	1
YourDeal SJ4KYDYEL Sports & Action Camera(Yellow)	1
Your Deal Sj6000 Wifi 12 Mp 1080p Hd Sports Dv 170 Degree Wide Angle Car Recorder Diving Camera CMOS-Sensor??(White)	1
Your Deal Wifi 12 Mp 1080p Hd Sports Dv 170 Degree Wide Angle Car Recorder Diving Camera(CMOS-Sensor) CMOS-Sensor Mirrorless Camera(Black)	1
Zakk HD 1080P Sports and Action Camera(Black 12 MP)	1
Zeiss Ze-6105 UV Filter	1
ZVR Powershot Go Pro 1080P Full HD Sports and Action Camera(Gold 12 MP)	1
ZVR ultrashot action 1080p waterproof Sports and Action Camera(Gold, Black 10.4 MP)	1
ZVR ULTRASHOT Go Pro 1080P Waterproof Sports and Action Camera(Black 10.4)	1
