Shopping and fashion/Beauty/Cosmetics;Facebook0
Business and industry;Facebook1
Business and industry/Advertising;Facebook2
Business and industry/Agriculture;Facebook3
Business and industry/Architecture;Facebook4
Business and industry/Aviation;Facebook5
Business and industry/Banking;Facebook6
Business and industry/Banking/Investment banking;Facebook7
Business and industry/Banking/Online banking;Facebook8
Business and industry/Banking/Retail banking;Facebook9
Business and industry/Business;Facebook10
Business and industry/Construction;Facebook11
Business and industry/Design;Facebook12
Business and industry/Design/Fashion design;Facebook13
Business and industry/Design/Graphic design;Facebook14
Business and industry/Design/Interior design;Facebook15
Business and industry/Economics;Facebook16
Business and industry/Engineering;Facebook17
Business and industry/Entrepreneurship;Facebook18
Business and industry/Health care;Facebook19
Business and industry/Higher education;Facebook20
Business and industry/Management;Facebook21
Business and industry/Marketing;Facebook22
Business and industry/Nursing;Facebook23
Business and industry/Online;Facebook24
Business and industry/Online/Digital marketing;Facebook25
Business and industry/Online/Display advertising;Facebook26
Business and industry/Online/Email marketing;Facebook27
Business and industry/Online/Online advertising;Facebook28
Business and industry/Online/Search engine optimization;Facebook29
Business and industry/Online/Social media;Facebook30
Business and industry/Online/Social media marketing;Facebook31
Business and industry/Online/Web design;Facebook32
Business and industry/Online/Web development;Facebook33
Business and industry/Online/Web hosting;Facebook34
Business and industry/Personal finance;Facebook35
Business and industry/Personal finance/Credit cards;Facebook36
Business and industry/Personal finance/Insurance;Facebook37
Business and industry/Personal finance/Investment;Facebook38
Business and industry/Personal finance/Mortgage loans;Facebook39
Business and industry/Real estate;Facebook40
Business and industry/Retail;Facebook41
Business and industry/Sales;Facebook42
Business and industry/Science;Facebook43
Business and industry/Small business;Facebook44
Entertainment;Facebook45
Entertainment/Games;Facebook46
Entertainment/Games/Action games;Facebook47
Entertainment/Games/Board games;Facebook48
Entertainment/Games/Browser games;Facebook49
Entertainment/Games/Card games;Facebook50
Entertainment/Games/Casino games;Facebook51
Entertainment/Games/First-person shooter games;Facebook52
Entertainment/Games/Gambling;Facebook53
Entertainment/Games/Massively multiplayer online games;Facebook54
Entertainment/Games/Massively multiplayer online role-playing games;Facebook55
Entertainment/Games/Online games;Facebook56
Entertainment/Games/Online poker;Facebook57
Entertainment/Games/Puzzle video games;Facebook58
Entertainment/Games/Racing games;Facebook59
Entertainment/Games/Role-playing games;Facebook60
Entertainment/Games/Shooter games;Facebook61
Entertainment/Games/Simulation games;Facebook62
Entertainment/Games/Sports games;Facebook63
Entertainment/Games/Strategy games;Facebook64
Entertainment/Games/Video games;Facebook65
Entertainment/Games/Word games;Facebook66
Entertainment/Live events;Facebook67
Entertainment/Live events/Ballet;Facebook68
Entertainment/Live events/Bars;Facebook69
Entertainment/Live events/Concerts;Facebook70
Entertainment/Live events/Dancehalls;Facebook71
Entertainment/Live events/Music festivals;Facebook72
Entertainment/Live events/Nightclubs;Facebook73
Entertainment/Live events/Parties;Facebook74
Entertainment/Live events/Plays;Facebook75
Entertainment/Live events/Theatre;Facebook76
Entertainment/Movies;Facebook77
Entertainment/Movies/Action movies;Facebook78
Entertainment/Movies/Animated movies;Facebook79
Entertainment/Movies/Anime movies;Facebook80
Entertainment/Movies/Bollywood movies;Facebook81
Entertainment/Movies/Comedy movies;Facebook82
Entertainment/Movies/Documentary movies;Facebook83
Entertainment/Movies/Drama movies;Facebook84
Entertainment/Movies/Fantasy movies;Facebook85
Entertainment/Movies/Horror movies;Facebook86
Entertainment/Movies/Musical theatre;Facebook87
Entertainment/Movies/Science fiction movies;Facebook88
Entertainment/Movies/Thriller movies;Facebook89
Entertainment/Music;Facebook90
Entertainment/Music/Blues music;Facebook91
Entertainment/Music/Classical music;Facebook92
Entertainment/Music/Country music;Facebook93
Entertainment/Music/Dance music;Facebook94
Entertainment/Music/Electronic music;Facebook95
Entertainment/Music/Gospel music;Facebook96
Entertainment/Music/Heavy metal music;Facebook97
Entertainment/Music/Hip hop music;Facebook98
Entertainment/Music/Jazz music;Facebook99
Entertainment/Music/Music videos;Facebook100
Entertainment/Music/Pop music;Facebook101
Entertainment/Music/Rhythm and blues music;Facebook102
Entertainment/Music/Rock music;Facebook103
Entertainment/Music/Soul music;Facebook104
Entertainment/Reading;Facebook105
Entertainment/Reading/Books;Facebook106
Entertainment/Reading/Comics;Facebook107
Entertainment/Reading/E-books;Facebook108
Entertainment/Reading/Fiction books;Facebook109
Entertainment/Reading/Literature;Facebook110
Entertainment/Reading/Magazines;Facebook111
Entertainment/Reading/Manga;Facebook112
Entertainment/Reading/Mystery fiction;Facebook113
Entertainment/Reading/Newspapers;Facebook114
Entertainment/Reading/Non-fiction books;Facebook115
Entertainment/Reading/Romance novels;Facebook116
Entertainment/TV;Facebook117
Entertainment/TV/TV comedies;Facebook118
Entertainment/TV/TV game shows;Facebook119
Entertainment/TV/TV reality shows;Facebook120
Entertainment/TV/TV talkshows;Facebook121
Family and relationships/Dating;Facebook122
Family and relationships/Family;Facebook123
Family and relationships/Fatherhood;Facebook124
Family and relationships/Friendship;Facebook125
Family and relationships/Marriage;Facebook126
Family and relationships/Motherhood;Facebook127
Family and relationships/Parenting;Facebook128
Family and relationships/Weddings;Facebook129
Fitness and wellness;Facebook130
Fitness and wellness/Bodybuilding;Facebook131
Fitness and wellness/Dieting;Facebook132
Fitness and wellness/Gyms;Facebook133
Fitness and wellness/Meditation;Facebook134
Fitness and wellness/Nutrition;Facebook135
Fitness and wellness/Physical exercise;Facebook136
Fitness and wellness/Physical fitness;Facebook137
Fitness and wellness/Running;Facebook138
Fitness and wellness/Weight training;Facebook139
Fitness and wellness/Yoga;Facebook140
Fitness and wellness/Zumba;Facebook141
Food and drink;Facebook142
Food and drink/Alcoholic beverages;Facebook143
Food and drink/Alcoholic beverages/Beer;Facebook144
Food and drink/Alcoholic beverages/Distilled beverage;Facebook145
Food and drink/Alcoholic beverages/Wine;Facebook146
Food and drink/Beverages;Facebook147
Food and drink/Beverages/Coffee;Facebook148
Food and drink/Beverages/Energy drinks;Facebook149
Food and drink/Beverages/Juice;Facebook150
Food and drink/Beverages/Soft drinks;Facebook151
Food and drink/Beverages/Tea;Facebook152
Food and drink/Cooking;Facebook153
Food and drink/Cooking/Baking;Facebook154
Food and drink/Cooking/Recipes;Facebook155
Food and drink/Cuisine;Facebook156
Food and drink/Cuisine/Chinese cuisine;Facebook157
Food and drink/Cuisine/French cuisine;Facebook158
Food and drink/Cuisine/German cuisine;Facebook159
Food and drink/Cuisine/Greek cuisine;Facebook160
Food and drink/Cuisine/Indian cuisine;Facebook161
Food and drink/Cuisine/Italian cuisine;Facebook162
Food and drink/Cuisine/Japanese cuisine;Facebook163
Food and drink/Cuisine/Korean cuisine;Facebook164
Food and drink/Cuisine/Latin American cuisine;Facebook165
Food and drink/Cuisine/Mexican cuisine;Facebook166
Food and drink/Cuisine/Middle Eastern cuisine;Facebook167
Food and drink/Cuisine/Spanish cuisine;Facebook168
Food and drink/Cuisine/Thai cuisine;Facebook169
Food and drink/Cuisine/Vietnamese cuisine;Facebook170
Food and drink/Food;Facebook171
Food and drink/Food/Barbecue;Facebook172
Food and drink/Food/Chocolate;Facebook173
Food and drink/Food/Desserts;Facebook174
Food and drink/Food/Fast food;Facebook175
Food and drink/Food/Organic food;Facebook176
Food and drink/Food/Pizza;Facebook177
Food and drink/Food/Seafood;Facebook178
Food and drink/Food/Veganism;Facebook179
Food and drink/Food/Vegetarianism;Facebook180
Food and drink/Restaurants;Facebook181
Food and drink/Restaurants/Coffeehouses;Facebook182
Food and drink/Restaurants/Coffeehouses;Facebook183
Food and drink/Restaurants/Diners;Facebook184
Food and drink/Restaurants/Fast casual restaurants;Facebook185
Food and drink/Restaurants/Fast food restaurants;Facebook186
Hobbies and activities;Facebook187
Hobbies and activities/Arts and music;Facebook188
Hobbies and activities/Arts and music/Acting;Facebook189
Hobbies and activities/Arts and music/Crafts;Facebook190
Hobbies and activities/Arts and music/Dance;Facebook191
Hobbies and activities/Arts and music/Drawing;Facebook192
Hobbies and activities/Arts and music/Drums;Facebook193
Hobbies and activities/Arts and music/Fine art;Facebook194
Hobbies and activities/Arts and music/Guitar;Facebook195
Hobbies and activities/Arts and music/Painting;Facebook196
Hobbies and activities/Arts and music/Performing arts;Facebook197
Hobbies and activities/Arts and music/Photography;Facebook198
Hobbies and activities/Arts and music/Sculpture;Facebook199
Hobbies and activities/Arts and music/Singing;Facebook200
Hobbies and activities/Arts and music/Writing;Facebook201
Hobbies and activities/Current events;Facebook202
Hobbies and activities/Home and garden;Facebook203
Hobbies and activities/Home and garden/Do it yourself (DIY);Facebook204
Hobbies and activities/Home and garden/Furniture;Facebook205
Hobbies and activities/Home and garden/Gardening;Facebook206
Hobbies and activities/Home and garden/Home Appliances;Facebook207
Hobbies and activities/Home and garden/Home improvement;Facebook208
Hobbies and activities/Pets;Facebook209
Hobbies and activities/Pets/Birds;Facebook210
Hobbies and activities/Pets/Cats;Facebook211
Hobbies and activities/Pets/Dogs;Facebook212
Hobbies and activities/Pets/Fish;Facebook213
Hobbies and activities/Pets/Horses;Facebook214
Hobbies and activities/Pets/Pet food;Facebook215
Hobbies and activities/Pets/Rabbits;Facebook216
Hobbies and activities/Pets/Reptiles;Facebook217
Hobbies and activities/Politics and social issues;Facebook218
Hobbies and activities/Politics and social issues/Charity and causes;Facebook219
Hobbies and activities/Politics and social issues/Community issues;Facebook220
Hobbies and activities/Politics and social issues/Environmentalism;Facebook221
Hobbies and activities/Politics and social issues/Law;Facebook222
Hobbies and activities/Politics and social issues/Military;Facebook223
Hobbies and activities/Politics and social issues/Politics;Facebook224
Hobbies and activities/Politics and social issues/Religion;Facebook225
Hobbies and activities/Politics and social issues/Sustainability;Facebook226
Hobbies and activities/Politics and social issues/Veterans;Facebook227
Hobbies and activities/Politics and social issues/Volunteering;Facebook228
Hobbies and activities/Travel;Facebook229
Hobbies and activities/Travel/Adventure travel;Facebook230
Hobbies and activities/Travel/Air travel;Facebook231
Hobbies and activities/Travel/Beaches;Facebook232
Hobbies and activities/Travel/Car rentals;Facebook233
Hobbies and activities/Travel/Cruises;Facebook234
Hobbies and activities/Travel/Ecotourism;Facebook235
Hobbies and activities/Travel/Hotels;Facebook236
Hobbies and activities/Travel/Lakes;Facebook237
Hobbies and activities/Travel/Mountains;Facebook238
Hobbies and activities/Travel/Nature;Facebook239
Hobbies and activities/Travel/Theme parks;Facebook240
Hobbies and activities/Travel/Tourism;Facebook241
Hobbies and activities/Travel/Vacations;Facebook242
Hobbies and activities/Vehicles;Facebook243
Hobbies and activities/Vehicles/Automobiles;Facebook244
Hobbies and activities/Vehicles/Boats;Facebook245
Hobbies and activities/Vehicles/Electric vehicle;Facebook246
Hobbies and activities/Vehicles/Hybrids;Facebook247
Hobbies and activities/Vehicles/Minivans;Facebook248
Hobbies and activities/Vehicles/Motorcycles;Facebook249
Hobbies and activities/Vehicles/RVs;Facebook250
Hobbies and activities/Vehicles/Scooters;Facebook251
Hobbies and activities/Vehicles/SUVs;Facebook252
Hobbies and activities/Vehicles/Trucks;Facebook253
Shopping and fashion;Facebook254
Shopping and fashion/Beauty;Facebook255
Shopping and fashion/Beauty/Beauty salons;Facebook256
Shopping and fashion/Beauty/Fragrances;Facebook257
Shopping and fashion/Beauty/Hair products;Facebook258
Shopping and fashion/Beauty/Spas;Facebook259
Shopping and fashion/Beauty/Tattoos;Facebook260
Shopping and fashion/Clothing;Facebook261
Shopping and fashion/Clothing/Children's clothing;Facebook262
Shopping and fashion/Clothing/Men's clothing;Facebook263
Shopping and fashion/Clothing/Shoes;Facebook264
Shopping and fashion/Clothing/Women's clothing;Facebook265
Shopping and fashion/Fashion accessories;Facebook266
Shopping and fashion/Fashion accessories/Dresses;Facebook267
Shopping and fashion/Fashion accessories/Handbags;Facebook268
Shopping and fashion/Fashion accessories/Jewelry;Facebook269
Shopping and fashion/Fashion accessories/Sunglasses;Facebook270
Shopping and fashion/Shopping;Facebook271
Shopping and fashion/Shopping/Boutiques;Facebook272
Shopping and fashion/Shopping/Coupons;Facebook273
Shopping and fashion/Shopping/Discount stores;Facebook274
Shopping and fashion/Shopping/Luxury goods;Facebook275
Shopping and fashion/Shopping/Online shopping;Facebook276
Shopping and fashion/Shopping/Shopping malls;Facebook277
Shopping and fashion/Toys;Facebook278
Sports and outdoors;Facebook279
Sports and outdoors/Outdoor recreation;Facebook280
Sports and outdoors/Outdoor recreation/Boating;Facebook281
Sports and outdoors/Outdoor recreation/Camping;Facebook282
Sports and outdoors/Outdoor recreation/Fishing;Facebook283
Sports and outdoors/Outdoor recreation/Hiking;Facebook284
Sports and outdoors/Outdoor recreation/Horseback riding;Facebook285
Sports and outdoors/Outdoor recreation/Hunting;Facebook286
Sports and outdoors/Outdoor recreation/Mountain biking;Facebook287
Sports and outdoors/Outdoor recreation/Surfing;Facebook288
Sports and outdoors/Sports;Facebook289
Sports and outdoors/Sports/American football;Facebook290
Sports and outdoors/Sports/Association football (Soccer);Facebook291
Sports and outdoors/Sports/Auto racing;Facebook292
Sports and outdoors/Sports/Baseball;Facebook293
Sports and outdoors/Sports/Basketball;Facebook294
Sports and outdoors/Sports/College football;Facebook295
Sports and outdoors/Sports/Golf;Facebook296
Sports and outdoors/Sports/Marathons;Facebook297
Sports and outdoors/Sports/Skiing;Facebook298
Sports and outdoors/Sports/Snowboarding;Facebook299
Sports and outdoors/Sports/Swimming;Facebook300
Sports and outdoors/Sports/Tennis;Facebook301
Sports and outdoors/Sports/Triathlons;Facebook302
Sports and outdoors/Sports/Volleyball;Facebook303
Technology;Facebook304
Technology/Computers;Facebook305
Technology/Computers/Computer memory;Facebook306
Technology/Computers/Computer monitors;Facebook307
Technology/Computers/Computer processors;Facebook308
Technology/Computers/Computer servers;Facebook309
Technology/Computers/Desktop computers;Facebook310
Technology/Computers/Free software;Facebook311
Technology/Computers/Hard drives;Facebook312
Technology/Computers/Network storage;Facebook313
Technology/Computers/Software;Facebook314
Technology/Computers/Tablet computers;Facebook315
Technology/Consumer electronics;Facebook316
Technology/Consumer electronics/Audio equipment;Facebook317
Technology/Consumer electronics/Camcorders;Facebook318
Technology/Consumer electronics/Cameras;Facebook319
Technology/Consumer electronics/E-book readers;Facebook320
Technology/Consumer electronics/Game consoles;Facebook321
Technology/Consumer electronics/GPS devices;Facebook322
Technology/Consumer electronics/Mobile phones;Facebook323
Technology/Consumer electronics/Portable media players;Facebook324
Technology/Consumer electronics/Projectors;Facebook325
Technology/Consumer electronics/Smartphones;Facebook326
Technology/Consumer electronics/Televisions;Facebook327
