books and literature,books and literature,book,literature
celebrity fan and gossip,celebrity fan and gossip,celebrity,fan,gossip
comics and animation,comics and animation,comic,animation
dance,dance,dance
humor,humor,humor
movies,movies,movie
movies and tv,movies and tv,movie,tv,television,film
music,music,music,song
radio,radio
shows and events,shows and events,show,event
theatre,theatre,theatre
visual art and design,visual art and design,visual art,design
auto parts,auto parts,auto part
bicycles and accessories,bicycles and accessories,bicycle
boats and watercraft,boats and watercraft,boat,watercraft
buying and selling cars,buying and selling cars
campers and rvs,campers and rvs,camper
cars,cars,car
certified pre-owned,certified pre-owned
commercial vehicles,commercial vehicles
electric vehicles,electric vehicles
minivan,minivan
motor shows,motor shows
motorcycles,motorcycles,motorcycle
off-road vehicles,off-road vehicles
road-side assistance,road-side assistance
scooters and mopeds,scooters and mopeds,scooter,moped
trucks and suvs,trucks and suvs,truck,suv
vehicle brands,vehicle brands,vehicle brand
vehicle rental,vehicle rental
advertising and marketing,advertising and marketing,advertise
aerospace and defense,aerospace and defense,aerospace,defence
agriculture and forestry,agriculture and forestry,agriculture,forestry
automation,automation,automation
biomedical,biomedical,biomedical
business news,business news
business operations,business operations,business operation
business software,business software,business,software
chemicals industry,chemicals industry
company,company
construction,construction
energy,energy
fashion industry,fashion industry
food industry,food industry
green solutions,green solutions
hospitality industry,hospitality industry
iron and steel industry,iron and steel industry, iron and steel
logistics,logistics,logistic
logistics,logistics
manufacturing,manufacturing
metals,metals,metal
mining industry,mining industry,mining
paper industry,paper industry,paper
pharmaceutical industry,pharmaceutical industry,pharmaceutical 
publishing,publishing
record company,record company
shipbuilding,shipbuilding
tanning,tanning
textile industry,textile industry,textile
war industry,war industry
,
career advice,career advice
career planning,career planning
job fairs,job fairs
job search,job search
nursing,nursing
resume writing and advice,resume writing and advice
telecommuting,telecommuting
u.s. military,u.s. military
adult education,adult education
alumni and reunions,alumni and reunions,alumni,reunion
art history,art history
distance learning,distance learning
english as a second language,english as a second language
grade school,grade school
graduate school,graduate school
high school,high school
homeschooling,homeschooling
homework and study tips,homework and study tips
language learning,language learning
school,school
special education,special education
studying business,studying business
teaching and classroom resources,teaching and classroom resources
adoption,adoption
babies and toddlers,babies and toddlers,infant,baby
babies and toddlers,babies and toddlers
children,children
eldercare,eldercare
motherhood,motherhood,parent
motherhood,motherhood
parenting teens,parenting teens,parent
special needs kids,special needs kids
accounting and auditing,accounting and auditing
bank,bank
financial news,financial news
grants, scholarships and financial aid,grants, scholarships and financial aid
investing,investing
personal finance,personal finance
barbecues and grilling,barbecues and grilling,barbeque
beverages,beverages,beverage
beverages,beverages
cuisines,cuisines,cuisine
cuisines,cuisines
desserts and baking,desserts and baking,dessert
dining out,dining out
food,food
food allergies,food allergies
food and grocery retailers,food and grocery retailers
gastronomy,gastronomy
health and lowfat cooking,health and lowfat cooking
healthy eating,healthy eating
kosher food,kosher food
vegan,vegan
vegetarian,vegetarian
addiction,addiction
aging,aging
alternative medicine,alternative medicine
dental care,dental care
disease,disease
disorders,disorders
drugs,drugs
exercise,exercise
incest and abuse support,incest and abuse support
men's health,men's health
nutrition,nutrition
sexuality,sexuality
sports medicine,sports medicine
therapy,therapy
weight loss,weight loss
women's health,women's health
art and technology,art and technology,art,technology
arts and crafts,arts and crafts,art,craft
arts and crafts,arts and crafts
astrology,astrology
birdwatching,birdwatching
cigars,cigars
collecting,collecting
games,games
getting published,getting published
guitar,guitar
home recording,home recording
inventors and patents,inventors and patents,inventor,patent
magic and illusion,magic and illusion
needlework,needlework
paranormal phenomena,paranormal phenomena
reading,reading
scrapbooking,scrapbooking
appliances,appliances,appliance
appliances,appliances
bed and bath,bed and bath,bed,bath
bed and bath,bed and bath
environmental safety,environmental safety
gardening and landscaping,gardening and landscaping,garden,landscape
gardening and landscaping,gardening and landscaping
home furnishings,home furnishings.furniture,home furnishing,furnishing
home furnishings,home furnishings
home improvement and repair,home improvement and repair
interior decorating,interior decorating,interior decor
laundry,laundry
luxury homes,luxury homes
nursery and playroom,nursery and playroom
pest control,pest control
remodeling and construction,remodeling and construction
armed forces,armed forces
commentary,commentary
espionage and intelligence,espionage and intelligence
government,government
immigration,immigration
law enforcement,law enforcement
legal issues,legal issues
politics,politics
international news,international news
local news,local news
national news,national news
animal welfare,animal welfare
aquariums,aquariums,aquarium
birds,birds
cats,cats
dogs,dogs
large animals,large animals
reptiles,reptiles
zoo,zoo
apartments,apartments,apartment
architects,architects,architect
buying and selling homes,buying and selling homes
low income housing,low income housing
alternative religions,alternative religions
atheism and agnosticism,atheism and agnosticism,atheism,agnosticism
buddhism,buddhism
christianity,christianity
hinduism,hinduism
islam,islam
judaism,judaism
biology,biology
chemistry,chemistry
computer science,computer science
ecology,ecology
engineering,engineering
geography,geography
geology,geology
mathematics,mathematics
medicine,medicine
phyiscs,phyiscs
physics,physics
social science,social science
weather,weather
auctions,auctions
classifieds,classifieds
gifts,gifts
resources,resources
retail,retail
toys,toys
crime,crime
dating,dating
gay life,gay life
racism,racism
senior living,senior living
sex,sex
social institution,social institution
teens,teens
unrest and war,unrest and war
welfare,welfare
work,work
archery,archery
auto racing,auto racing
badminton,badminton
baseball,baseball
basketball,basketball
bicycling,bicycling
billiards,billiards
boat racing,boat racing
bobsled,bobsled
bodybuilding,bodybuilding
bowling,bowling
boxing,boxing
canoeing and kayaking,canoeing and kayaking
cheerleading,cheerleading
climbing,climbing
cricket,cricket
curling,curling
diving,diving
dog sled,dog sled
fencing,fencing
fishing,fishing
football,football
go kart,go kart
golf,golf
gymnastics,gymnastics
handball,handball
hockey,hockey
horse racing,horse racing
horses,horses
hunting and shooting,hunting and shooting
martial arts,martial arts
motorcycling,motorcycling
olympics,olympics
paintball,paintball
parachuting,parachuting
polo,polo
rodeo,rodeo
rowing,rowing
rugby,rugby
running and jogging,running and jogging
sailing,sailing
scuba diving,scuba diving
skateboarding,skateboarding
skating,skating
skiing,skiing
snowboarding,snowboarding
soccer,soccer
softball,softball
sports news,sports news
surfing and bodyboarding,surfing and bodyboarding,surfing
swimming,swimming
table tennis and ping-pong,table tennis and ping-pong,table tennis
tennis,tennis
trekking,trekking
volleyball,volleyball
wakeboarding,wakeboarding
walking,walking
water polo,water polo
weightlifting,weightlifting
windsurfing,windsurfing
wrestling,wrestling
accessories,accessories
beauty,beauty
body art,body art
clothing,clothing
fashion designers,fashion designers
footwear,footwear
jewelry,jewelry
luxury goods,luxury goods
men 's fashion,men 's fashion
swimwear,swimwear
underwear,underwear
computer certification,computer certification
computer crime,computer crime
computer reviews,computer reviews
computer security,computer security
consumer electronics,consumer electronics,electronics
consumer electronics,consumer electronics
data centers,data centers,data center
electronic components,electronic components
enterprise technology,enterprise technology
hardware,hardware
internet technology,internet technology
mp3 and midi,mp3 and midi,mp3
networking,networking
operating systems,operating systems,operating system
operating systems,operating systems
programming languages,programming languages,programming language
programming languages,programming languages
software,software
tech news,tech news
technical support,technical support
technological innovation,technological innovation
budget travel,budget travel
business travel,business travel
honeymoons and getaways,honeymoons and getaways,honeymoon
hotels,hotels
specialty travel,specialty travel
tourist destinations,tourist destinations
tourist facilities,tourist facilities
transports,transports
travel agencies,travel agencies
travel guides,travel guides
traveling with kids,traveling with kids
vacation rentals,vacation rentals
